Event Index,UTC Timestamp,UTC Date and Time,Local Timestamp,Local Timezone,Local Date and Time,Experiment ID,Experiment Version,Tree Node Key,Repeat Key,Schedule ID,Participant Public ID,Participant Private ID,Participant Starting Group,Participant Status,Participant Completion Code,Participant External Session ID,Participant Device Type,Participant Device,Participant OS,Participant Browser,Participant Monitor Size,Participant Viewport Size,Checkpoint,Room ID,Room Order,Task Name,Task Version,order-kx46,Randomise questionnaire elements?,Question Key,Response
1,1.71E+12,23/01/2024 12:36,1.71E+12,0,23/01/2024 12:36,161196,3,questionnaire-ja96,,34404119,BLIND,10168827,,complete,,,computer,Desktop or Laptop,Windows 10,Chrome 120.0.0.0,1280x720,1280x559,,,,Demographics,1,ABC,No,BEGIN QUESTIONNAIRE,
2,1.71E+12,23/01/2024 12:36,1.71E+12,0,23/01/2024 12:36,161196,3,questionnaire-ja96,,34404119,BLIND,10168827,,complete,,,computer,Desktop or Laptop,Windows 10,Chrome 120.0.0.0,1280x720,1280x559,,,,Demographics,1,ABC,No,Sex,Female
3,1.71E+12,23/01/2024 12:36,1.71E+12,0,23/01/2024 12:36,161196,3,questionnaire-ja96,,34404119,BLIND,10168827,,complete,,,computer,Desktop or Laptop,Windows 10,Chrome 120.0.0.0,1280x720,1280x559,,,,Demographics,1,ABC,No,Sex-quantised,1
4,1.71E+12,23/01/2024 12:36,1.71E+12,0,23/01/2024 12:36,161196,3,questionnaire-ja96,,34404119,BLIND,10168827,,complete,,,computer,Desktop or Laptop,Windows 10,Chrome 120.0.0.0,1280x720,1280x559,,,,Demographics,1,ABC,No,Sex-text,
5,1.71E+12,23/01/2024 12:36,1.71E+12,0,23/01/2024 12:36,161196,3,questionnaire-ja96,,34404119,BLIND,10168827,,complete,,,computer,Desktop or Laptop,Windows 10,Chrome 120.0.0.0,1280x720,1280x559,,,,Demographics,1,ABC,No,Age,18-24
6,1.71E+12,23/01/2024 12:36,1.71E+12,0,23/01/2024 12:36,161196,3,questionnaire-ja96,,34404119,BLIND,10168827,,complete,,,computer,Desktop or Laptop,Windows 10,Chrome 120.0.0.0,1280x720,1280x559,,,,Demographics,1,ABC,No,Age-quantised,1
7,1.71E+12,23/01/2024 12:36,1.71E+12,0,23/01/2024 12:36,161196,3,questionnaire-ja96,,34404119,BLIND,10168827,,complete,,,computer,Desktop or Laptop,Windows 10,Chrome 120.0.0.0,1280x720,1280x559,,,,Demographics,1,ABC,No,END QUESTIONNAIRE,8629
1,1.71E+12,25/01/2024 13:05,1.71E+12,0,25/01/2024 13:05,161196,3,questionnaire-ja96,,34475964,BLIND,10192092,,complete,,,computer,Desktop or Laptop,Windows 10,Chrome 120.0.0.0,1536x864,1536x715,,,,Demographics,1,ABC,No,BEGIN QUESTIONNAIRE,
2,1.71E+12,25/01/2024 13:05,1.71E+12,0,25/01/2024 13:05,161196,3,questionnaire-ja96,,34475964,BLIND,10192092,,complete,,,computer,Desktop or Laptop,Windows 10,Chrome 120.0.0.0,1536x864,1536x715,,,,Demographics,1,ABC,No,Sex,Female
3,1.71E+12,25/01/2024 13:05,1.71E+12,0,25/01/2024 13:05,161196,3,questionnaire-ja96,,34475964,BLIND,10192092,,complete,,,computer,Desktop or Laptop,Windows 10,Chrome 120.0.0.0,1536x864,1536x715,,,,Demographics,1,ABC,No,Sex-quantised,1
4,1.71E+12,25/01/2024 13:05,1.71E+12,0,25/01/2024 13:05,161196,3,questionnaire-ja96,,34475964,BLIND,10192092,,complete,,,computer,Desktop or Laptop,Windows 10,Chrome 120.0.0.0,1536x864,1536x715,,,,Demographics,1,ABC,No,Sex-text,
5,1.71E+12,25/01/2024 13:05,1.71E+12,0,25/01/2024 13:05,161196,3,questionnaire-ja96,,34475964,BLIND,10192092,,complete,,,computer,Desktop or Laptop,Windows 10,Chrome 120.0.0.0,1536x864,1536x715,,,,Demographics,1,ABC,No,Age,31-40
6,1.71E+12,25/01/2024 13:05,1.71E+12,0,25/01/2024 13:05,161196,3,questionnaire-ja96,,34475964,BLIND,10192092,,complete,,,computer,Desktop or Laptop,Windows 10,Chrome 120.0.0.0,1536x864,1536x715,,,,Demographics,1,ABC,No,Age-quantised,3
7,1.71E+12,25/01/2024 13:05,1.71E+12,0,25/01/2024 13:05,161196,3,questionnaire-ja96,,34475964,BLIND,10192092,,complete,,,computer,Desktop or Laptop,Windows 10,Chrome 120.0.0.0,1536x864,1536x715,,,,Demographics,1,ABC,No,END QUESTIONNAIRE,15944
1,1.71E+12,26/01/2024 15:45,1.71E+12,0,26/01/2024 15:45,161196,3,questionnaire-ja96,,34517344,BLIND,10205485,,complete,,,computer,Desktop or Laptop,Windows 10,Chrome 120.0.0.0,1600x900,1464x734,,,,Demographics,1,BCA,No,BEGIN QUESTIONNAIRE,
2,1.71E+12,26/01/2024 15:45,1.71E+12,0,26/01/2024 15:45,161196,3,questionnaire-ja96,,34517344,BLIND,10205485,,complete,,,computer,Desktop or Laptop,Windows 10,Chrome 120.0.0.0,1600x900,1464x734,,,,Demographics,1,BCA,No,Sex,
3,1.71E+12,26/01/2024 15:45,1.71E+12,0,26/01/2024 15:45,161196,3,questionnaire-ja96,,34517344,BLIND,10205485,,complete,,,computer,Desktop or Laptop,Windows 10,Chrome 120.0.0.0,1600x900,1464x734,,,,Demographics,1,BCA,No,Sex-quantised,
4,1.71E+12,26/01/2024 15:45,1.71E+12,0,26/01/2024 15:45,161196,3,questionnaire-ja96,,34517344,BLIND,10205485,,complete,,,computer,Desktop or Laptop,Windows 10,Chrome 120.0.0.0,1600x900,1464x734,,,,Demographics,1,BCA,No,Sex-text,
5,1.71E+12,26/01/2024 15:45,1.71E+12,0,26/01/2024 15:45,161196,3,questionnaire-ja96,,34517344,BLIND,10205485,,complete,,,computer,Desktop or Laptop,Windows 10,Chrome 120.0.0.0,1600x900,1464x734,,,,Demographics,1,BCA,No,Age,18-24
6,1.71E+12,26/01/2024 15:45,1.71E+12,0,26/01/2024 15:45,161196,3,questionnaire-ja96,,34517344,BLIND,10205485,,complete,,,computer,Desktop or Laptop,Windows 10,Chrome 120.0.0.0,1600x900,1464x734,,,,Demographics,1,BCA,No,Age-quantised,1
7,1.71E+12,26/01/2024 15:45,1.71E+12,0,26/01/2024 15:45,161196,3,questionnaire-ja96,,34517344,BLIND,10205485,,complete,,,computer,Desktop or Laptop,Windows 10,Chrome 120.0.0.0,1600x900,1464x734,,,,Demographics,1,BCA,No,END QUESTIONNAIRE,5502
1,1.71E+12,26/01/2024 20:59,1.71E+12,0,26/01/2024 20:59,161196,3,questionnaire-ja96,,34529502,BLIND,10208522,,complete,,,computer,Desktop or Laptop,Mac OS 10.15.7,Chrome 120.0.0.0,1440x900,1440x717,,,,Demographics,1,ABC,No,BEGIN QUESTIONNAIRE,
2,1.71E+12,26/01/2024 20:59,1.71E+12,0,26/01/2024 20:59,161196,3,questionnaire-ja96,,34529502,BLIND,10208522,,complete,,,computer,Desktop or Laptop,Mac OS 10.15.7,Chrome 120.0.0.0,1440x900,1440x717,,,,Demographics,1,ABC,No,Sex,Female
3,1.71E+12,26/01/2024 20:59,1.71E+12,0,26/01/2024 20:59,161196,3,questionnaire-ja96,,34529502,BLIND,10208522,,complete,,,computer,Desktop or Laptop,Mac OS 10.15.7,Chrome 120.0.0.0,1440x900,1440x717,,,,Demographics,1,ABC,No,Sex-quantised,1
4,1.71E+12,26/01/2024 20:59,1.71E+12,0,26/01/2024 20:59,161196,3,questionnaire-ja96,,34529502,BLIND,10208522,,complete,,,computer,Desktop or Laptop,Mac OS 10.15.7,Chrome 120.0.0.0,1440x900,1440x717,,,,Demographics,1,ABC,No,Sex-text,
5,1.71E+12,26/01/2024 20:59,1.71E+12,0,26/01/2024 20:59,161196,3,questionnaire-ja96,,34529502,BLIND,10208522,,complete,,,computer,Desktop or Laptop,Mac OS 10.15.7,Chrome 120.0.0.0,1440x900,1440x717,,,,Demographics,1,ABC,No,Age,18-24
6,1.71E+12,26/01/2024 20:59,1.71E+12,0,26/01/2024 20:59,161196,3,questionnaire-ja96,,34529502,BLIND,10208522,,complete,,,computer,Desktop or Laptop,Mac OS 10.15.7,Chrome 120.0.0.0,1440x900,1440x717,,,,Demographics,1,ABC,No,Age-quantised,1
7,1.71E+12,26/01/2024 20:59,1.71E+12,0,26/01/2024 20:59,161196,3,questionnaire-ja96,,34529502,BLIND,10208522,,complete,,,computer,Desktop or Laptop,Mac OS 10.15.7,Chrome 120.0.0.0,1440x900,1440x717,,,,Demographics,1,ABC,No,END QUESTIONNAIRE,5831
1,1.71E+12,28/01/2024 22:19,1.71E+12,0,28/01/2024 22:19,161196,3,questionnaire-ja96,,34561786,BLIND,10218310,,complete,,,computer,Desktop or Laptop,Windows 10,Firefox 122.0,1536x960,1536x827,,,,Demographics,1,CAB,No,BEGIN QUESTIONNAIRE,
2,1.71E+12,28/01/2024 22:19,1.71E+12,0,28/01/2024 22:19,161196,3,questionnaire-ja96,,34561786,BLIND,10218310,,complete,,,computer,Desktop or Laptop,Windows 10,Firefox 122.0,1536x960,1536x827,,,,Demographics,1,CAB,No,Sex,Female
3,1.71E+12,28/01/2024 22:19,1.71E+12,0,28/01/2024 22:19,161196,3,questionnaire-ja96,,34561786,BLIND,10218310,,complete,,,computer,Desktop or Laptop,Windows 10,Firefox 122.0,1536x960,1536x827,,,,Demographics,1,CAB,No,Sex-quantised,1
4,1.71E+12,28/01/2024 22:19,1.71E+12,0,28/01/2024 22:19,161196,3,questionnaire-ja96,,34561786,BLIND,10218310,,complete,,,computer,Desktop or Laptop,Windows 10,Firefox 122.0,1536x960,1536x827,,,,Demographics,1,CAB,No,Sex-text,
5,1.71E+12,28/01/2024 22:19,1.71E+12,0,28/01/2024 22:19,161196,3,questionnaire-ja96,,34561786,BLIND,10218310,,complete,,,computer,Desktop or Laptop,Windows 10,Firefox 122.0,1536x960,1536x827,,,,Demographics,1,CAB,No,Age,18-24
6,1.71E+12,28/01/2024 22:19,1.71E+12,0,28/01/2024 22:19,161196,3,questionnaire-ja96,,34561786,BLIND,10218310,,complete,,,computer,Desktop or Laptop,Windows 10,Firefox 122.0,1536x960,1536x827,,,,Demographics,1,CAB,No,Age-quantised,1
7,1.71E+12,28/01/2024 22:19,1.71E+12,0,28/01/2024 22:19,161196,3,questionnaire-ja96,,34561786,BLIND,10218310,,complete,,,computer,Desktop or Laptop,Windows 10,Firefox 122.0,1536x960,1536x827,,,,Demographics,1,CAB,No,END QUESTIONNAIRE,8527
1,1.71E+12,29/01/2024 18:40,1.71E+12,0,29/01/2024 18:40,161196,3,questionnaire-ja96,,34586930,BLIND,10225898,,complete,,,computer,Desktop or Laptop,Windows 10,Chrome 120.0.0.0,1536x864,1536x738,,,,Demographics,1,ABC,No,BEGIN QUESTIONNAIRE,
2,1.71E+12,29/01/2024 18:40,1.71E+12,0,29/01/2024 18:40,161196,3,questionnaire-ja96,,34586930,BLIND,10225898,,complete,,,computer,Desktop or Laptop,Windows 10,Chrome 120.0.0.0,1536x864,1536x738,,,,Demographics,1,ABC,No,Sex,Female
3,1.71E+12,29/01/2024 18:40,1.71E+12,0,29/01/2024 18:40,161196,3,questionnaire-ja96,,34586930,BLIND,10225898,,complete,,,computer,Desktop or Laptop,Windows 10,Chrome 120.0.0.0,1536x864,1536x738,,,,Demographics,1,ABC,No,Sex-quantised,1
4,1.71E+12,29/01/2024 18:40,1.71E+12,0,29/01/2024 18:40,161196,3,questionnaire-ja96,,34586930,BLIND,10225898,,complete,,,computer,Desktop or Laptop,Windows 10,Chrome 120.0.0.0,1536x864,1536x738,,,,Demographics,1,ABC,No,Sex-text,
5,1.71E+12,29/01/2024 18:40,1.71E+12,0,29/01/2024 18:40,161196,3,questionnaire-ja96,,34586930,BLIND,10225898,,complete,,,computer,Desktop or Laptop,Windows 10,Chrome 120.0.0.0,1536x864,1536x738,,,,Demographics,1,ABC,No,Age,18-24
6,1.71E+12,29/01/2024 18:40,1.71E+12,0,29/01/2024 18:40,161196,3,questionnaire-ja96,,34586930,BLIND,10225898,,complete,,,computer,Desktop or Laptop,Windows 10,Chrome 120.0.0.0,1536x864,1536x738,,,,Demographics,1,ABC,No,Age-quantised,1
7,1.71E+12,29/01/2024 18:40,1.71E+12,0,29/01/2024 18:40,161196,3,questionnaire-ja96,,34586930,BLIND,10225898,,complete,,,computer,Desktop or Laptop,Windows 10,Chrome 120.0.0.0,1536x864,1536x738,,,,Demographics,1,ABC,No,END QUESTIONNAIRE,13008
1,1.71E+12,30/01/2024 09:06,1.71E+12,0,30/01/2024 09:06,161196,3,questionnaire-ja96,,34595909,BLIND,10228586,,complete,,,computer,Desktop or Laptop,Windows 10,Chrome 120.0.0.0,1536x864,1536x730,,,,Demographics,1,BCA,No,BEGIN QUESTIONNAIRE,
2,1.71E+12,30/01/2024 09:06,1.71E+12,0,30/01/2024 09:06,161196,3,questionnaire-ja96,,34595909,BLIND,10228586,,complete,,,computer,Desktop or Laptop,Windows 10,Chrome 120.0.0.0,1536x864,1536x730,,,,Demographics,1,BCA,No,Sex,Female
3,1.71E+12,30/01/2024 09:06,1.71E+12,0,30/01/2024 09:06,161196,3,questionnaire-ja96,,34595909,BLIND,10228586,,complete,,,computer,Desktop or Laptop,Windows 10,Chrome 120.0.0.0,1536x864,1536x730,,,,Demographics,1,BCA,No,Sex-quantised,1
4,1.71E+12,30/01/2024 09:06,1.71E+12,0,30/01/2024 09:06,161196,3,questionnaire-ja96,,34595909,BLIND,10228586,,complete,,,computer,Desktop or Laptop,Windows 10,Chrome 120.0.0.0,1536x864,1536x730,,,,Demographics,1,BCA,No,Sex-text,
5,1.71E+12,30/01/2024 09:06,1.71E+12,0,30/01/2024 09:06,161196,3,questionnaire-ja96,,34595909,BLIND,10228586,,complete,,,computer,Desktop or Laptop,Windows 10,Chrome 120.0.0.0,1536x864,1536x730,,,,Demographics,1,BCA,No,Age,18-24
6,1.71E+12,30/01/2024 09:06,1.71E+12,0,30/01/2024 09:06,161196,3,questionnaire-ja96,,34595909,BLIND,10228586,,complete,,,computer,Desktop or Laptop,Windows 10,Chrome 120.0.0.0,1536x864,1536x730,,,,Demographics,1,BCA,No,Age-quantised,1
7,1.71E+12,30/01/2024 09:06,1.71E+12,0,30/01/2024 09:06,161196,3,questionnaire-ja96,,34595909,BLIND,10228586,,complete,,,computer,Desktop or Laptop,Windows 10,Chrome 120.0.0.0,1536x864,1536x730,,,,Demographics,1,BCA,No,END QUESTIONNAIRE,6568
1,1.71E+12,30/01/2024 10:27,1.71E+12,0,30/01/2024 10:27,161196,3,questionnaire-ja96,,34598755,BLIND,10229408,,complete,,,computer,Desktop or Laptop,Windows 10,Chrome 120.0.0.0,1680x1050,1464x804,,,,Demographics,1,CAB,No,BEGIN QUESTIONNAIRE,
2,1.71E+12,30/01/2024 10:27,1.71E+12,0,30/01/2024 10:27,161196,3,questionnaire-ja96,,34598755,BLIND,10229408,,complete,,,computer,Desktop or Laptop,Windows 10,Chrome 120.0.0.0,1680x1050,1464x804,,,,Demographics,1,CAB,No,Sex,Female
3,1.71E+12,30/01/2024 10:27,1.71E+12,0,30/01/2024 10:27,161196,3,questionnaire-ja96,,34598755,BLIND,10229408,,complete,,,computer,Desktop or Laptop,Windows 10,Chrome 120.0.0.0,1680x1050,1464x804,,,,Demographics,1,CAB,No,Sex-quantised,1
4,1.71E+12,30/01/2024 10:27,1.71E+12,0,30/01/2024 10:27,161196,3,questionnaire-ja96,,34598755,BLIND,10229408,,complete,,,computer,Desktop or Laptop,Windows 10,Chrome 120.0.0.0,1680x1050,1464x804,,,,Demographics,1,CAB,No,Sex-text,
5,1.71E+12,30/01/2024 10:27,1.71E+12,0,30/01/2024 10:27,161196,3,questionnaire-ja96,,34598755,BLIND,10229408,,complete,,,computer,Desktop or Laptop,Windows 10,Chrome 120.0.0.0,1680x1050,1464x804,,,,Demographics,1,CAB,No,Age,18-24
6,1.71E+12,30/01/2024 10:27,1.71E+12,0,30/01/2024 10:27,161196,3,questionnaire-ja96,,34598755,BLIND,10229408,,complete,,,computer,Desktop or Laptop,Windows 10,Chrome 120.0.0.0,1680x1050,1464x804,,,,Demographics,1,CAB,No,Age-quantised,1
7,1.71E+12,30/01/2024 10:27,1.71E+12,0,30/01/2024 10:27,161196,3,questionnaire-ja96,,34598755,BLIND,10229408,,complete,,,computer,Desktop or Laptop,Windows 10,Chrome 120.0.0.0,1680x1050,1464x804,,,,Demographics,1,CAB,No,END QUESTIONNAIRE,7953
1,1.71E+12,30/01/2024 10:27,1.71E+12,0,30/01/2024 10:27,161196,3,questionnaire-ja96,,34598760,BLIND,10229415,,complete,,,computer,Desktop or Laptop,Windows 10,Chrome 120.0.0.0,1680x1050,1680x901,,,,Demographics,1,BCA,No,BEGIN QUESTIONNAIRE,
2,1.71E+12,30/01/2024 10:27,1.71E+12,0,30/01/2024 10:27,161196,3,questionnaire-ja96,,34598760,BLIND,10229415,,complete,,,computer,Desktop or Laptop,Windows 10,Chrome 120.0.0.0,1680x1050,1680x901,,,,Demographics,1,BCA,No,Sex,Male
3,1.71E+12,30/01/2024 10:27,1.71E+12,0,30/01/2024 10:27,161196,3,questionnaire-ja96,,34598760,BLIND,10229415,,complete,,,computer,Desktop or Laptop,Windows 10,Chrome 120.0.0.0,1680x1050,1680x901,,,,Demographics,1,BCA,No,Sex-quantised,2
4,1.71E+12,30/01/2024 10:27,1.71E+12,0,30/01/2024 10:27,161196,3,questionnaire-ja96,,34598760,BLIND,10229415,,complete,,,computer,Desktop or Laptop,Windows 10,Chrome 120.0.0.0,1680x1050,1680x901,,,,Demographics,1,BCA,No,Sex-text,
5,1.71E+12,30/01/2024 10:27,1.71E+12,0,30/01/2024 10:27,161196,3,questionnaire-ja96,,34598760,BLIND,10229415,,complete,,,computer,Desktop or Laptop,Windows 10,Chrome 120.0.0.0,1680x1050,1680x901,,,,Demographics,1,BCA,No,Age,18-24
6,1.71E+12,30/01/2024 10:27,1.71E+12,0,30/01/2024 10:27,161196,3,questionnaire-ja96,,34598760,BLIND,10229415,,complete,,,computer,Desktop or Laptop,Windows 10,Chrome 120.0.0.0,1680x1050,1680x901,,,,Demographics,1,BCA,No,Age-quantised,1
7,1.71E+12,30/01/2024 10:27,1.71E+12,0,30/01/2024 10:27,161196,3,questionnaire-ja96,,34598760,BLIND,10229415,,complete,,,computer,Desktop or Laptop,Windows 10,Chrome 120.0.0.0,1680x1050,1680x901,,,,Demographics,1,BCA,No,END QUESTIONNAIRE,8883
1,1.71E+12,30/01/2024 10:27,1.71E+12,0,30/01/2024 10:27,161196,3,questionnaire-ja96,,34598761,BLIND,10229418,,complete,,,computer,Desktop or Laptop,Windows 10,Chrome 120.0.0.0,1680x1050,1680x901,,,,Demographics,1,BCA,No,BEGIN QUESTIONNAIRE,
2,1.71E+12,30/01/2024 10:27,1.71E+12,0,30/01/2024 10:27,161196,3,questionnaire-ja96,,34598761,BLIND,10229418,,complete,,,computer,Desktop or Laptop,Windows 10,Chrome 120.0.0.0,1680x1050,1680x901,,,,Demographics,1,BCA,No,Sex,Male
3,1.71E+12,30/01/2024 10:27,1.71E+12,0,30/01/2024 10:27,161196,3,questionnaire-ja96,,34598761,BLIND,10229418,,complete,,,computer,Desktop or Laptop,Windows 10,Chrome 120.0.0.0,1680x1050,1680x901,,,,Demographics,1,BCA,No,Sex-quantised,2
4,1.71E+12,30/01/2024 10:27,1.71E+12,0,30/01/2024 10:27,161196,3,questionnaire-ja96,,34598761,BLIND,10229418,,complete,,,computer,Desktop or Laptop,Windows 10,Chrome 120.0.0.0,1680x1050,1680x901,,,,Demographics,1,BCA,No,Sex-text,
5,1.71E+12,30/01/2024 10:27,1.71E+12,0,30/01/2024 10:27,161196,3,questionnaire-ja96,,34598761,BLIND,10229418,,complete,,,computer,Desktop or Laptop,Windows 10,Chrome 120.0.0.0,1680x1050,1680x901,,,,Demographics,1,BCA,No,Age,41-50
6,1.71E+12,30/01/2024 10:27,1.71E+12,0,30/01/2024 10:27,161196,3,questionnaire-ja96,,34598761,BLIND,10229418,,complete,,,computer,Desktop or Laptop,Windows 10,Chrome 120.0.0.0,1680x1050,1680x901,,,,Demographics,1,BCA,No,Age-quantised,4
7,1.71E+12,30/01/2024 10:27,1.71E+12,0,30/01/2024 10:27,161196,3,questionnaire-ja96,,34598761,BLIND,10229418,,complete,,,computer,Desktop or Laptop,Windows 10,Chrome 120.0.0.0,1680x1050,1680x901,,,,Demographics,1,BCA,No,END QUESTIONNAIRE,14896
1,1.71E+12,30/01/2024 10:27,1.71E+12,0,30/01/2024 10:27,161196,3,questionnaire-ja96,,34598762,BLIND,10229420,,complete,,,computer,Desktop or Laptop,Windows 10,Chrome 120.0.0.0,1680x1050,1464x804,,,,Demographics,1,BCA,No,BEGIN QUESTIONNAIRE,
2,1.71E+12,30/01/2024 10:27,1.71E+12,0,30/01/2024 10:27,161196,3,questionnaire-ja96,,34598762,BLIND,10229420,,complete,,,computer,Desktop or Laptop,Windows 10,Chrome 120.0.0.0,1680x1050,1464x804,,,,Demographics,1,BCA,No,Sex,
3,1.71E+12,30/01/2024 10:27,1.71E+12,0,30/01/2024 10:27,161196,3,questionnaire-ja96,,34598762,BLIND,10229420,,complete,,,computer,Desktop or Laptop,Windows 10,Chrome 120.0.0.0,1680x1050,1464x804,,,,Demographics,1,BCA,No,Sex-quantised,
4,1.71E+12,30/01/2024 10:27,1.71E+12,0,30/01/2024 10:27,161196,3,questionnaire-ja96,,34598762,BLIND,10229420,,complete,,,computer,Desktop or Laptop,Windows 10,Chrome 120.0.0.0,1680x1050,1464x804,,,,Demographics,1,BCA,No,Sex-text,
5,1.71E+12,30/01/2024 10:27,1.71E+12,0,30/01/2024 10:27,161196,3,questionnaire-ja96,,34598762,BLIND,10229420,,complete,,,computer,Desktop or Laptop,Windows 10,Chrome 120.0.0.0,1680x1050,1464x804,,,,Demographics,1,BCA,No,Age,18-24
6,1.71E+12,30/01/2024 10:27,1.71E+12,0,30/01/2024 10:27,161196,3,questionnaire-ja96,,34598762,BLIND,10229420,,complete,,,computer,Desktop or Laptop,Windows 10,Chrome 120.0.0.0,1680x1050,1464x804,,,,Demographics,1,BCA,No,Age-quantised,1
7,1.71E+12,30/01/2024 10:27,1.71E+12,0,30/01/2024 10:27,161196,3,questionnaire-ja96,,34598762,BLIND,10229420,,complete,,,computer,Desktop or Laptop,Windows 10,Chrome 120.0.0.0,1680x1050,1464x804,,,,Demographics,1,BCA,No,END QUESTIONNAIRE,4451
1,1.71E+12,30/01/2024 10:27,1.71E+12,0,30/01/2024 10:27,161196,3,questionnaire-ja96,,34598770,BLIND,10229414,,complete,,,computer,Desktop or Laptop,Windows 10,Chrome 120.0.0.0,1680x1050,1680x901,,,,Demographics,1,ABC,No,BEGIN QUESTIONNAIRE,
2,1.71E+12,30/01/2024 10:27,1.71E+12,0,30/01/2024 10:27,161196,3,questionnaire-ja96,,34598770,BLIND,10229414,,complete,,,computer,Desktop or Laptop,Windows 10,Chrome 120.0.0.0,1680x1050,1680x901,,,,Demographics,1,ABC,No,Sex,Female
3,1.71E+12,30/01/2024 10:27,1.71E+12,0,30/01/2024 10:27,161196,3,questionnaire-ja96,,34598770,BLIND,10229414,,complete,,,computer,Desktop or Laptop,Windows 10,Chrome 120.0.0.0,1680x1050,1680x901,,,,Demographics,1,ABC,No,Sex-quantised,1
4,1.71E+12,30/01/2024 10:27,1.71E+12,0,30/01/2024 10:27,161196,3,questionnaire-ja96,,34598770,BLIND,10229414,,complete,,,computer,Desktop or Laptop,Windows 10,Chrome 120.0.0.0,1680x1050,1680x901,,,,Demographics,1,ABC,No,Sex-text,
5,1.71E+12,30/01/2024 10:27,1.71E+12,0,30/01/2024 10:27,161196,3,questionnaire-ja96,,34598770,BLIND,10229414,,complete,,,computer,Desktop or Laptop,Windows 10,Chrome 120.0.0.0,1680x1050,1680x901,,,,Demographics,1,ABC,No,Age,18-24
6,1.71E+12,30/01/2024 10:27,1.71E+12,0,30/01/2024 10:27,161196,3,questionnaire-ja96,,34598770,BLIND,10229414,,complete,,,computer,Desktop or Laptop,Windows 10,Chrome 120.0.0.0,1680x1050,1680x901,,,,Demographics,1,ABC,No,Age-quantised,1
7,1.71E+12,30/01/2024 10:27,1.71E+12,0,30/01/2024 10:27,161196,3,questionnaire-ja96,,34598770,BLIND,10229414,,complete,,,computer,Desktop or Laptop,Windows 10,Chrome 120.0.0.0,1680x1050,1680x901,,,,Demographics,1,ABC,No,END QUESTIONNAIRE,5055
1,1.71E+12,30/01/2024 10:27,1.71E+12,0,30/01/2024 10:27,161196,3,questionnaire-ja96,,34598771,BLIND,10229407,,complete,,,computer,Desktop or Laptop,Windows 10,Chrome 120.0.0.0,1680x1050,1464x804,,,,Demographics,1,ABC,No,BEGIN QUESTIONNAIRE,
2,1.71E+12,30/01/2024 10:27,1.71E+12,0,30/01/2024 10:27,161196,3,questionnaire-ja96,,34598771,BLIND,10229407,,complete,,,computer,Desktop or Laptop,Windows 10,Chrome 120.0.0.0,1680x1050,1464x804,,,,Demographics,1,ABC,No,Sex,Female
3,1.71E+12,30/01/2024 10:27,1.71E+12,0,30/01/2024 10:27,161196,3,questionnaire-ja96,,34598771,BLIND,10229407,,complete,,,computer,Desktop or Laptop,Windows 10,Chrome 120.0.0.0,1680x1050,1464x804,,,,Demographics,1,ABC,No,Sex-quantised,1
4,1.71E+12,30/01/2024 10:27,1.71E+12,0,30/01/2024 10:27,161196,3,questionnaire-ja96,,34598771,BLIND,10229407,,complete,,,computer,Desktop or Laptop,Windows 10,Chrome 120.0.0.0,1680x1050,1464x804,,,,Demographics,1,ABC,No,Sex-text,
5,1.71E+12,30/01/2024 10:27,1.71E+12,0,30/01/2024 10:27,161196,3,questionnaire-ja96,,34598771,BLIND,10229407,,complete,,,computer,Desktop or Laptop,Windows 10,Chrome 120.0.0.0,1680x1050,1464x804,,,,Demographics,1,ABC,No,Age,18-24
6,1.71E+12,30/01/2024 10:27,1.71E+12,0,30/01/2024 10:27,161196,3,questionnaire-ja96,,34598771,BLIND,10229407,,complete,,,computer,Desktop or Laptop,Windows 10,Chrome 120.0.0.0,1680x1050,1464x804,,,,Demographics,1,ABC,No,Age-quantised,1
7,1.71E+12,30/01/2024 10:27,1.71E+12,0,30/01/2024 10:27,161196,3,questionnaire-ja96,,34598771,BLIND,10229407,,complete,,,computer,Desktop or Laptop,Windows 10,Chrome 120.0.0.0,1680x1050,1464x804,,,,Demographics,1,ABC,No,END QUESTIONNAIRE,9395
1,1.71E+12,30/01/2024 10:27,1.71E+12,0,30/01/2024 10:27,161196,3,questionnaire-ja96,,34598776,BLIND,10229405,,live,,,computer,Desktop or Laptop,Windows 10,Chrome 120.0.0.0,1680x1050,1680x901,,,,Demographics,1,CAB,No,BEGIN QUESTIONNAIRE,
2,1.71E+12,30/01/2024 10:27,1.71E+12,0,30/01/2024 10:27,161196,3,questionnaire-ja96,,34598776,BLIND,10229405,,live,,,computer,Desktop or Laptop,Windows 10,Chrome 120.0.0.0,1680x1050,1680x901,,,,Demographics,1,CAB,No,Sex,Male
3,1.71E+12,30/01/2024 10:27,1.71E+12,0,30/01/2024 10:27,161196,3,questionnaire-ja96,,34598776,BLIND,10229405,,live,,,computer,Desktop or Laptop,Windows 10,Chrome 120.0.0.0,1680x1050,1680x901,,,,Demographics,1,CAB,No,Sex-quantised,2
4,1.71E+12,30/01/2024 10:27,1.71E+12,0,30/01/2024 10:27,161196,3,questionnaire-ja96,,34598776,BLIND,10229405,,live,,,computer,Desktop or Laptop,Windows 10,Chrome 120.0.0.0,1680x1050,1680x901,,,,Demographics,1,CAB,No,Sex-text,
5,1.71E+12,30/01/2024 10:27,1.71E+12,0,30/01/2024 10:27,161196,3,questionnaire-ja96,,34598776,BLIND,10229405,,live,,,computer,Desktop or Laptop,Windows 10,Chrome 120.0.0.0,1680x1050,1680x901,,,,Demographics,1,CAB,No,Age,
6,1.71E+12,30/01/2024 10:27,1.71E+12,0,30/01/2024 10:27,161196,3,questionnaire-ja96,,34598776,BLIND,10229405,,live,,,computer,Desktop or Laptop,Windows 10,Chrome 120.0.0.0,1680x1050,1680x901,,,,Demographics,1,CAB,No,Age-quantised,
7,1.71E+12,30/01/2024 10:27,1.71E+12,0,30/01/2024 10:27,161196,3,questionnaire-ja96,,34598776,BLIND,10229405,,live,,,computer,Desktop or Laptop,Windows 10,Chrome 120.0.0.0,1680x1050,1680x901,,,,Demographics,1,CAB,No,END QUESTIONNAIRE,9303
1,1.71E+12,30/01/2024 10:27,1.71E+12,0,30/01/2024 10:27,161196,3,questionnaire-ja96,,34598778,BLIND,10229412,,complete,,,computer,Desktop or Laptop,Windows 10,Chrome 120.0.0.0,1680x1050,1680x889,,,,Demographics,1,ABC,No,BEGIN QUESTIONNAIRE,
2,1.71E+12,30/01/2024 10:27,1.71E+12,0,30/01/2024 10:27,161196,3,questionnaire-ja96,,34598778,BLIND,10229412,,complete,,,computer,Desktop or Laptop,Windows 10,Chrome 120.0.0.0,1680x1050,1680x889,,,,Demographics,1,ABC,No,Sex,Male
3,1.71E+12,30/01/2024 10:27,1.71E+12,0,30/01/2024 10:27,161196,3,questionnaire-ja96,,34598778,BLIND,10229412,,complete,,,computer,Desktop or Laptop,Windows 10,Chrome 120.0.0.0,1680x1050,1680x889,,,,Demographics,1,ABC,No,Sex-quantised,2
4,1.71E+12,30/01/2024 10:27,1.71E+12,0,30/01/2024 10:27,161196,3,questionnaire-ja96,,34598778,BLIND,10229412,,complete,,,computer,Desktop or Laptop,Windows 10,Chrome 120.0.0.0,1680x1050,1680x889,,,,Demographics,1,ABC,No,Sex-text,
5,1.71E+12,30/01/2024 10:27,1.71E+12,0,30/01/2024 10:27,161196,3,questionnaire-ja96,,34598778,BLIND,10229412,,complete,,,computer,Desktop or Laptop,Windows 10,Chrome 120.0.0.0,1680x1050,1680x889,,,,Demographics,1,ABC,No,Age,18-24
6,1.71E+12,30/01/2024 10:27,1.71E+12,0,30/01/2024 10:27,161196,3,questionnaire-ja96,,34598778,BLIND,10229412,,complete,,,computer,Desktop or Laptop,Windows 10,Chrome 120.0.0.0,1680x1050,1680x889,,,,Demographics,1,ABC,No,Age-quantised,1
7,1.71E+12,30/01/2024 10:27,1.71E+12,0,30/01/2024 10:27,161196,3,questionnaire-ja96,,34598778,BLIND,10229412,,complete,,,computer,Desktop or Laptop,Windows 10,Chrome 120.0.0.0,1680x1050,1680x889,,,,Demographics,1,ABC,No,END QUESTIONNAIRE,8676
1,1.71E+12,30/01/2024 10:27,1.71E+12,0,30/01/2024 10:27,161196,3,questionnaire-ja96,,34598781,BLIND,10229410,,complete,,,computer,Desktop or Laptop,Windows 10,Chrome 118.0.0.0,1680x1050,1680x901,,,,Demographics,1,ABC,No,BEGIN QUESTIONNAIRE,
2,1.71E+12,30/01/2024 10:27,1.71E+12,0,30/01/2024 10:27,161196,3,questionnaire-ja96,,34598781,BLIND,10229410,,complete,,,computer,Desktop or Laptop,Windows 10,Chrome 118.0.0.0,1680x1050,1680x901,,,,Demographics,1,ABC,No,Sex,Female
3,1.71E+12,30/01/2024 10:27,1.71E+12,0,30/01/2024 10:27,161196,3,questionnaire-ja96,,34598781,BLIND,10229410,,complete,,,computer,Desktop or Laptop,Windows 10,Chrome 118.0.0.0,1680x1050,1680x901,,,,Demographics,1,ABC,No,Sex-quantised,1
4,1.71E+12,30/01/2024 10:27,1.71E+12,0,30/01/2024 10:27,161196,3,questionnaire-ja96,,34598781,BLIND,10229410,,complete,,,computer,Desktop or Laptop,Windows 10,Chrome 118.0.0.0,1680x1050,1680x901,,,,Demographics,1,ABC,No,Sex-text,
5,1.71E+12,30/01/2024 10:27,1.71E+12,0,30/01/2024 10:27,161196,3,questionnaire-ja96,,34598781,BLIND,10229410,,complete,,,computer,Desktop or Laptop,Windows 10,Chrome 118.0.0.0,1680x1050,1680x901,,,,Demographics,1,ABC,No,Age,18-24
6,1.71E+12,30/01/2024 10:27,1.71E+12,0,30/01/2024 10:27,161196,3,questionnaire-ja96,,34598781,BLIND,10229410,,complete,,,computer,Desktop or Laptop,Windows 10,Chrome 118.0.0.0,1680x1050,1680x901,,,,Demographics,1,ABC,No,Age-quantised,1
7,1.71E+12,30/01/2024 10:27,1.71E+12,0,30/01/2024 10:27,161196,3,questionnaire-ja96,,34598781,BLIND,10229410,,complete,,,computer,Desktop or Laptop,Windows 10,Chrome 118.0.0.0,1680x1050,1680x901,,,,Demographics,1,ABC,No,END QUESTIONNAIRE,8086
1,1.71E+12,30/01/2024 10:27,1.71E+12,0,30/01/2024 10:27,161196,3,questionnaire-ja96,,34598784,BLIND,10229409,,complete,,,computer,Desktop or Laptop,Windows 10,Chrome 120.0.0.0,1680x1050,1464x804,,,,Demographics,1,CAB,No,BEGIN QUESTIONNAIRE,
2,1.71E+12,30/01/2024 10:27,1.71E+12,0,30/01/2024 10:27,161196,3,questionnaire-ja96,,34598784,BLIND,10229409,,complete,,,computer,Desktop or Laptop,Windows 10,Chrome 120.0.0.0,1680x1050,1464x804,,,,Demographics,1,CAB,No,Sex,Male
3,1.71E+12,30/01/2024 10:27,1.71E+12,0,30/01/2024 10:27,161196,3,questionnaire-ja96,,34598784,BLIND,10229409,,complete,,,computer,Desktop or Laptop,Windows 10,Chrome 120.0.0.0,1680x1050,1464x804,,,,Demographics,1,CAB,No,Sex-quantised,2
4,1.71E+12,30/01/2024 10:27,1.71E+12,0,30/01/2024 10:27,161196,3,questionnaire-ja96,,34598784,BLIND,10229409,,complete,,,computer,Desktop or Laptop,Windows 10,Chrome 120.0.0.0,1680x1050,1464x804,,,,Demographics,1,CAB,No,Sex-text,
5,1.71E+12,30/01/2024 10:27,1.71E+12,0,30/01/2024 10:27,161196,3,questionnaire-ja96,,34598784,BLIND,10229409,,complete,,,computer,Desktop or Laptop,Windows 10,Chrome 120.0.0.0,1680x1050,1464x804,,,,Demographics,1,CAB,No,Age,18-24
6,1.71E+12,30/01/2024 10:27,1.71E+12,0,30/01/2024 10:27,161196,3,questionnaire-ja96,,34598784,BLIND,10229409,,complete,,,computer,Desktop or Laptop,Windows 10,Chrome 120.0.0.0,1680x1050,1464x804,,,,Demographics,1,CAB,No,Age-quantised,1
7,1.71E+12,30/01/2024 10:27,1.71E+12,0,30/01/2024 10:27,161196,3,questionnaire-ja96,,34598784,BLIND,10229409,,complete,,,computer,Desktop or Laptop,Windows 10,Chrome 120.0.0.0,1680x1050,1464x804,,,,Demographics,1,CAB,No,END QUESTIONNAIRE,4246
1,1.71E+12,30/01/2024 10:27,1.71E+12,0,30/01/2024 10:27,161196,3,questionnaire-ja96,,34598777,BLIND,10229421,,complete,,,computer,Desktop or Laptop,Windows 10,Chrome 120.0.0.0,1680x1050,1464x804,,,,Demographics,1,CAB,No,BEGIN QUESTIONNAIRE,
2,1.71E+12,30/01/2024 10:27,1.71E+12,0,30/01/2024 10:27,161196,3,questionnaire-ja96,,34598777,BLIND,10229421,,complete,,,computer,Desktop or Laptop,Windows 10,Chrome 120.0.0.0,1680x1050,1464x804,,,,Demographics,1,CAB,No,Sex,Female
3,1.71E+12,30/01/2024 10:27,1.71E+12,0,30/01/2024 10:27,161196,3,questionnaire-ja96,,34598777,BLIND,10229421,,complete,,,computer,Desktop or Laptop,Windows 10,Chrome 120.0.0.0,1680x1050,1464x804,,,,Demographics,1,CAB,No,Sex-quantised,1
4,1.71E+12,30/01/2024 10:27,1.71E+12,0,30/01/2024 10:27,161196,3,questionnaire-ja96,,34598777,BLIND,10229421,,complete,,,computer,Desktop or Laptop,Windows 10,Chrome 120.0.0.0,1680x1050,1464x804,,,,Demographics,1,CAB,No,Sex-text,
5,1.71E+12,30/01/2024 10:27,1.71E+12,0,30/01/2024 10:27,161196,3,questionnaire-ja96,,34598777,BLIND,10229421,,complete,,,computer,Desktop or Laptop,Windows 10,Chrome 120.0.0.0,1680x1050,1464x804,,,,Demographics,1,CAB,No,Age,18-24
6,1.71E+12,30/01/2024 10:27,1.71E+12,0,30/01/2024 10:27,161196,3,questionnaire-ja96,,34598777,BLIND,10229421,,complete,,,computer,Desktop or Laptop,Windows 10,Chrome 120.0.0.0,1680x1050,1464x804,,,,Demographics,1,CAB,No,Age-quantised,1
7,1.71E+12,30/01/2024 10:27,1.71E+12,0,30/01/2024 10:27,161196,3,questionnaire-ja96,,34598777,BLIND,10229421,,complete,,,computer,Desktop or Laptop,Windows 10,Chrome 120.0.0.0,1680x1050,1464x804,,,,Demographics,1,CAB,No,END QUESTIONNAIRE,8207
1,1.71E+12,30/01/2024 10:27,1.71E+12,0,30/01/2024 10:27,161196,3,questionnaire-ja96,,34598779,BLIND,10229425,,complete,,,computer,Desktop or Laptop,Windows 10,Chrome 120.0.0.0,1680x1050,1680x889,,,,Demographics,1,ABC,No,BEGIN QUESTIONNAIRE,
2,1.71E+12,30/01/2024 10:27,1.71E+12,0,30/01/2024 10:27,161196,3,questionnaire-ja96,,34598779,BLIND,10229425,,complete,,,computer,Desktop or Laptop,Windows 10,Chrome 120.0.0.0,1680x1050,1680x889,,,,Demographics,1,ABC,No,Sex,Female
3,1.71E+12,30/01/2024 10:27,1.71E+12,0,30/01/2024 10:27,161196,3,questionnaire-ja96,,34598779,BLIND,10229425,,complete,,,computer,Desktop or Laptop,Windows 10,Chrome 120.0.0.0,1680x1050,1680x889,,,,Demographics,1,ABC,No,Sex-quantised,1
4,1.71E+12,30/01/2024 10:27,1.71E+12,0,30/01/2024 10:27,161196,3,questionnaire-ja96,,34598779,BLIND,10229425,,complete,,,computer,Desktop or Laptop,Windows 10,Chrome 120.0.0.0,1680x1050,1680x889,,,,Demographics,1,ABC,No,Sex-text,
5,1.71E+12,30/01/2024 10:27,1.71E+12,0,30/01/2024 10:27,161196,3,questionnaire-ja96,,34598779,BLIND,10229425,,complete,,,computer,Desktop or Laptop,Windows 10,Chrome 120.0.0.0,1680x1050,1680x889,,,,Demographics,1,ABC,No,Age,18-24
6,1.71E+12,30/01/2024 10:27,1.71E+12,0,30/01/2024 10:27,161196,3,questionnaire-ja96,,34598779,BLIND,10229425,,complete,,,computer,Desktop or Laptop,Windows 10,Chrome 120.0.0.0,1680x1050,1680x889,,,,Demographics,1,ABC,No,Age-quantised,1
7,1.71E+12,30/01/2024 10:27,1.71E+12,0,30/01/2024 10:27,161196,3,questionnaire-ja96,,34598779,BLIND,10229425,,complete,,,computer,Desktop or Laptop,Windows 10,Chrome 120.0.0.0,1680x1050,1680x889,,,,Demographics,1,ABC,No,END QUESTIONNAIRE,10658
1,1.71E+12,30/01/2024 10:27,1.71E+12,0,30/01/2024 10:27,161196,3,questionnaire-ja96,,34598788,BLIND,10229431,,complete,,,computer,Desktop or Laptop,Windows 10,Chrome 120.0.0.0,1680x1050,1464x804,,,,Demographics,1,ABC,No,BEGIN QUESTIONNAIRE,
2,1.71E+12,30/01/2024 10:27,1.71E+12,0,30/01/2024 10:27,161196,3,questionnaire-ja96,,34598788,BLIND,10229431,,complete,,,computer,Desktop or Laptop,Windows 10,Chrome 120.0.0.0,1680x1050,1464x804,,,,Demographics,1,ABC,No,Sex,Female
3,1.71E+12,30/01/2024 10:27,1.71E+12,0,30/01/2024 10:27,161196,3,questionnaire-ja96,,34598788,BLIND,10229431,,complete,,,computer,Desktop or Laptop,Windows 10,Chrome 120.0.0.0,1680x1050,1464x804,,,,Demographics,1,ABC,No,Sex-quantised,1
4,1.71E+12,30/01/2024 10:27,1.71E+12,0,30/01/2024 10:27,161196,3,questionnaire-ja96,,34598788,BLIND,10229431,,complete,,,computer,Desktop or Laptop,Windows 10,Chrome 120.0.0.0,1680x1050,1464x804,,,,Demographics,1,ABC,No,Sex-text,
5,1.71E+12,30/01/2024 10:27,1.71E+12,0,30/01/2024 10:27,161196,3,questionnaire-ja96,,34598788,BLIND,10229431,,complete,,,computer,Desktop or Laptop,Windows 10,Chrome 120.0.0.0,1680x1050,1464x804,,,,Demographics,1,ABC,No,Age,18-24
6,1.71E+12,30/01/2024 10:27,1.71E+12,0,30/01/2024 10:27,161196,3,questionnaire-ja96,,34598788,BLIND,10229431,,complete,,,computer,Desktop or Laptop,Windows 10,Chrome 120.0.0.0,1680x1050,1464x804,,,,Demographics,1,ABC,No,Age-quantised,1
7,1.71E+12,30/01/2024 10:27,1.71E+12,0,30/01/2024 10:27,161196,3,questionnaire-ja96,,34598788,BLIND,10229431,,complete,,,computer,Desktop or Laptop,Windows 10,Chrome 120.0.0.0,1680x1050,1464x804,,,,Demographics,1,ABC,No,END QUESTIONNAIRE,7967
1,1.71E+12,30/01/2024 10:27,1.71E+12,0,30/01/2024 10:27,161196,3,questionnaire-ja96,,34598792,BLIND,10229429,,complete,,,computer,Desktop or Laptop,Windows 10,Chrome 120.0.0.0,1680x1050,1680x901,,,,Demographics,1,ABC,No,BEGIN QUESTIONNAIRE,
2,1.71E+12,30/01/2024 10:28,1.71E+12,0,30/01/2024 10:28,161196,3,questionnaire-ja96,,34598792,BLIND,10229429,,complete,,,computer,Desktop or Laptop,Windows 10,Chrome 120.0.0.0,1680x1050,1680x901,,,,Demographics,1,ABC,No,Sex,Female
3,1.71E+12,30/01/2024 10:28,1.71E+12,0,30/01/2024 10:28,161196,3,questionnaire-ja96,,34598792,BLIND,10229429,,complete,,,computer,Desktop or Laptop,Windows 10,Chrome 120.0.0.0,1680x1050,1680x901,,,,Demographics,1,ABC,No,Sex-quantised,1
4,1.71E+12,30/01/2024 10:28,1.71E+12,0,30/01/2024 10:28,161196,3,questionnaire-ja96,,34598792,BLIND,10229429,,complete,,,computer,Desktop or Laptop,Windows 10,Chrome 120.0.0.0,1680x1050,1680x901,,,,Demographics,1,ABC,No,Sex-text,
5,1.71E+12,30/01/2024 10:28,1.71E+12,0,30/01/2024 10:28,161196,3,questionnaire-ja96,,34598792,BLIND,10229429,,complete,,,computer,Desktop or Laptop,Windows 10,Chrome 120.0.0.0,1680x1050,1680x901,,,,Demographics,1,ABC,No,Age,18-24
6,1.71E+12,30/01/2024 10:28,1.71E+12,0,30/01/2024 10:28,161196,3,questionnaire-ja96,,34598792,BLIND,10229429,,complete,,,computer,Desktop or Laptop,Windows 10,Chrome 120.0.0.0,1680x1050,1680x901,,,,Demographics,1,ABC,No,Age-quantised,1
7,1.71E+12,30/01/2024 10:28,1.71E+12,0,30/01/2024 10:28,161196,3,questionnaire-ja96,,34598792,BLIND,10229429,,complete,,,computer,Desktop or Laptop,Windows 10,Chrome 120.0.0.0,1680x1050,1680x901,,,,Demographics,1,ABC,No,END QUESTIONNAIRE,31500
1,1.71E+12,30/01/2024 10:27,1.71E+12,0,30/01/2024 10:27,161196,3,questionnaire-ja96,,34598794,BLIND,10229422,,complete,,,computer,Desktop or Laptop,Windows 10,Chrome 120.0.0.0,1680x1050,1680x889,,,,Demographics,1,CAB,No,BEGIN QUESTIONNAIRE,
2,1.71E+12,30/01/2024 10:27,1.71E+12,0,30/01/2024 10:27,161196,3,questionnaire-ja96,,34598794,BLIND,10229422,,complete,,,computer,Desktop or Laptop,Windows 10,Chrome 120.0.0.0,1680x1050,1680x889,,,,Demographics,1,CAB,No,Sex,Male
3,1.71E+12,30/01/2024 10:27,1.71E+12,0,30/01/2024 10:27,161196,3,questionnaire-ja96,,34598794,BLIND,10229422,,complete,,,computer,Desktop or Laptop,Windows 10,Chrome 120.0.0.0,1680x1050,1680x889,,,,Demographics,1,CAB,No,Sex-quantised,2
4,1.71E+12,30/01/2024 10:27,1.71E+12,0,30/01/2024 10:27,161196,3,questionnaire-ja96,,34598794,BLIND,10229422,,complete,,,computer,Desktop or Laptop,Windows 10,Chrome 120.0.0.0,1680x1050,1680x889,,,,Demographics,1,CAB,No,Sex-text,
5,1.71E+12,30/01/2024 10:27,1.71E+12,0,30/01/2024 10:27,161196,3,questionnaire-ja96,,34598794,BLIND,10229422,,complete,,,computer,Desktop or Laptop,Windows 10,Chrome 120.0.0.0,1680x1050,1680x889,,,,Demographics,1,CAB,No,Age,18-24
6,1.71E+12,30/01/2024 10:27,1.71E+12,0,30/01/2024 10:27,161196,3,questionnaire-ja96,,34598794,BLIND,10229422,,complete,,,computer,Desktop or Laptop,Windows 10,Chrome 120.0.0.0,1680x1050,1680x889,,,,Demographics,1,CAB,No,Age-quantised,1
7,1.71E+12,30/01/2024 10:27,1.71E+12,0,30/01/2024 10:27,161196,3,questionnaire-ja96,,34598794,BLIND,10229422,,complete,,,computer,Desktop or Laptop,Windows 10,Chrome 120.0.0.0,1680x1050,1680x889,,,,Demographics,1,CAB,No,END QUESTIONNAIRE,7224
1,1.71E+12,30/01/2024 10:27,1.71E+12,0,30/01/2024 10:27,161196,3,questionnaire-ja96,,34598797,BLIND,10229436,,complete,,,computer,Desktop or Laptop,Windows 10,Chrome 120.0.0.0,1680x1050,1464x804,,,,Demographics,1,CAB,No,BEGIN QUESTIONNAIRE,
2,1.71E+12,30/01/2024 10:28,1.71E+12,0,30/01/2024 10:28,161196,3,questionnaire-ja96,,34598797,BLIND,10229436,,complete,,,computer,Desktop or Laptop,Windows 10,Chrome 120.0.0.0,1680x1050,1464x804,,,,Demographics,1,CAB,No,Sex,Female
3,1.71E+12,30/01/2024 10:28,1.71E+12,0,30/01/2024 10:28,161196,3,questionnaire-ja96,,34598797,BLIND,10229436,,complete,,,computer,Desktop or Laptop,Windows 10,Chrome 120.0.0.0,1680x1050,1464x804,,,,Demographics,1,CAB,No,Sex-quantised,1
4,1.71E+12,30/01/2024 10:28,1.71E+12,0,30/01/2024 10:28,161196,3,questionnaire-ja96,,34598797,BLIND,10229436,,complete,,,computer,Desktop or Laptop,Windows 10,Chrome 120.0.0.0,1680x1050,1464x804,,,,Demographics,1,CAB,No,Sex-text,
5,1.71E+12,30/01/2024 10:28,1.71E+12,0,30/01/2024 10:28,161196,3,questionnaire-ja96,,34598797,BLIND,10229436,,complete,,,computer,Desktop or Laptop,Windows 10,Chrome 120.0.0.0,1680x1050,1464x804,,,,Demographics,1,CAB,No,Age,18-24
6,1.71E+12,30/01/2024 10:28,1.71E+12,0,30/01/2024 10:28,161196,3,questionnaire-ja96,,34598797,BLIND,10229436,,complete,,,computer,Desktop or Laptop,Windows 10,Chrome 120.0.0.0,1680x1050,1464x804,,,,Demographics,1,CAB,No,Age-quantised,1
7,1.71E+12,30/01/2024 10:28,1.71E+12,0,30/01/2024 10:28,161196,3,questionnaire-ja96,,34598797,BLIND,10229436,,complete,,,computer,Desktop or Laptop,Windows 10,Chrome 120.0.0.0,1680x1050,1464x804,,,,Demographics,1,CAB,No,END QUESTIONNAIRE,11029
1,1.71E+12,30/01/2024 10:27,1.71E+12,0,30/01/2024 10:27,161196,3,questionnaire-ja96,,34598810,BLIND,10229433,,complete,,,computer,Desktop or Laptop,Windows 10,Chrome 120.0.0.0,1680x1050,1464x804,,,,Demographics,1,BCA,No,BEGIN QUESTIONNAIRE,
2,1.71E+12,30/01/2024 10:27,1.71E+12,0,30/01/2024 10:27,161196,3,questionnaire-ja96,,34598810,BLIND,10229433,,complete,,,computer,Desktop or Laptop,Windows 10,Chrome 120.0.0.0,1680x1050,1464x804,,,,Demographics,1,BCA,No,Sex,Female
3,1.71E+12,30/01/2024 10:27,1.71E+12,0,30/01/2024 10:27,161196,3,questionnaire-ja96,,34598810,BLIND,10229433,,complete,,,computer,Desktop or Laptop,Windows 10,Chrome 120.0.0.0,1680x1050,1464x804,,,,Demographics,1,BCA,No,Sex-quantised,1
4,1.71E+12,30/01/2024 10:27,1.71E+12,0,30/01/2024 10:27,161196,3,questionnaire-ja96,,34598810,BLIND,10229433,,complete,,,computer,Desktop or Laptop,Windows 10,Chrome 120.0.0.0,1680x1050,1464x804,,,,Demographics,1,BCA,No,Sex-text,
5,1.71E+12,30/01/2024 10:27,1.71E+12,0,30/01/2024 10:27,161196,3,questionnaire-ja96,,34598810,BLIND,10229433,,complete,,,computer,Desktop or Laptop,Windows 10,Chrome 120.0.0.0,1680x1050,1464x804,,,,Demographics,1,BCA,No,Age,18-24
6,1.71E+12,30/01/2024 10:27,1.71E+12,0,30/01/2024 10:27,161196,3,questionnaire-ja96,,34598810,BLIND,10229433,,complete,,,computer,Desktop or Laptop,Windows 10,Chrome 120.0.0.0,1680x1050,1464x804,,,,Demographics,1,BCA,No,Age-quantised,1
7,1.71E+12,30/01/2024 10:27,1.71E+12,0,30/01/2024 10:27,161196,3,questionnaire-ja96,,34598810,BLIND,10229433,,complete,,,computer,Desktop or Laptop,Windows 10,Chrome 120.0.0.0,1680x1050,1464x804,,,,Demographics,1,BCA,No,END QUESTIONNAIRE,4804
1,1.71E+12,30/01/2024 10:27,1.71E+12,0,30/01/2024 10:27,161196,3,questionnaire-ja96,,34598814,BLIND,10229428,,complete,,,computer,Desktop or Laptop,Windows 10,Chrome 115.0.0.0,1680x1050,1680x901,,,,Demographics,1,BCA,No,BEGIN QUESTIONNAIRE,
2,1.71E+12,30/01/2024 10:28,1.71E+12,0,30/01/2024 10:28,161196,3,questionnaire-ja96,,34598814,BLIND,10229428,,complete,,,computer,Desktop or Laptop,Windows 10,Chrome 115.0.0.0,1680x1050,1680x901,,,,Demographics,1,BCA,No,Sex,Male
3,1.71E+12,30/01/2024 10:28,1.71E+12,0,30/01/2024 10:28,161196,3,questionnaire-ja96,,34598814,BLIND,10229428,,complete,,,computer,Desktop or Laptop,Windows 10,Chrome 115.0.0.0,1680x1050,1680x901,,,,Demographics,1,BCA,No,Sex-quantised,2
4,1.71E+12,30/01/2024 10:28,1.71E+12,0,30/01/2024 10:28,161196,3,questionnaire-ja96,,34598814,BLIND,10229428,,complete,,,computer,Desktop or Laptop,Windows 10,Chrome 115.0.0.0,1680x1050,1680x901,,,,Demographics,1,BCA,No,Sex-text,
5,1.71E+12,30/01/2024 10:28,1.71E+12,0,30/01/2024 10:28,161196,3,questionnaire-ja96,,34598814,BLIND,10229428,,complete,,,computer,Desktop or Laptop,Windows 10,Chrome 115.0.0.0,1680x1050,1680x901,,,,Demographics,1,BCA,No,Age,18-24
6,1.71E+12,30/01/2024 10:28,1.71E+12,0,30/01/2024 10:28,161196,3,questionnaire-ja96,,34598814,BLIND,10229428,,complete,,,computer,Desktop or Laptop,Windows 10,Chrome 115.0.0.0,1680x1050,1680x901,,,,Demographics,1,BCA,No,Age-quantised,1
7,1.71E+12,30/01/2024 10:28,1.71E+12,0,30/01/2024 10:28,161196,3,questionnaire-ja96,,34598814,BLIND,10229428,,complete,,,computer,Desktop or Laptop,Windows 10,Chrome 115.0.0.0,1680x1050,1680x901,,,,Demographics,1,BCA,No,END QUESTIONNAIRE,9215
1,1.71E+12,30/01/2024 10:28,1.71E+12,0,30/01/2024 10:28,161196,3,questionnaire-ja96,,34598846,BLIND,10229440,,complete,,,computer,Desktop or Laptop,Windows 10,Chrome 120.0.0.0,1680x1050,1464x804,,,,Demographics,1,ABC,No,BEGIN QUESTIONNAIRE,
2,1.71E+12,30/01/2024 10:28,1.71E+12,0,30/01/2024 10:28,161196,3,questionnaire-ja96,,34598846,BLIND,10229440,,complete,,,computer,Desktop or Laptop,Windows 10,Chrome 120.0.0.0,1680x1050,1464x804,,,,Demographics,1,ABC,No,Sex,Female
3,1.71E+12,30/01/2024 10:28,1.71E+12,0,30/01/2024 10:28,161196,3,questionnaire-ja96,,34598846,BLIND,10229440,,complete,,,computer,Desktop or Laptop,Windows 10,Chrome 120.0.0.0,1680x1050,1464x804,,,,Demographics,1,ABC,No,Sex-quantised,1
4,1.71E+12,30/01/2024 10:28,1.71E+12,0,30/01/2024 10:28,161196,3,questionnaire-ja96,,34598846,BLIND,10229440,,complete,,,computer,Desktop or Laptop,Windows 10,Chrome 120.0.0.0,1680x1050,1464x804,,,,Demographics,1,ABC,No,Sex-text,
5,1.71E+12,30/01/2024 10:28,1.71E+12,0,30/01/2024 10:28,161196,3,questionnaire-ja96,,34598846,BLIND,10229440,,complete,,,computer,Desktop or Laptop,Windows 10,Chrome 120.0.0.0,1680x1050,1464x804,,,,Demographics,1,ABC,No,Age,18-24
6,1.71E+12,30/01/2024 10:28,1.71E+12,0,30/01/2024 10:28,161196,3,questionnaire-ja96,,34598846,BLIND,10229440,,complete,,,computer,Desktop or Laptop,Windows 10,Chrome 120.0.0.0,1680x1050,1464x804,,,,Demographics,1,ABC,No,Age-quantised,1
7,1.71E+12,30/01/2024 10:28,1.71E+12,0,30/01/2024 10:28,161196,3,questionnaire-ja96,,34598846,BLIND,10229440,,complete,,,computer,Desktop or Laptop,Windows 10,Chrome 120.0.0.0,1680x1050,1464x804,,,,Demographics,1,ABC,No,END QUESTIONNAIRE,9164
1,1.71E+12,30/01/2024 10:28,1.71E+12,0,30/01/2024 10:28,161196,3,questionnaire-ja96,,34598852,BLIND,10229450,,complete,,,computer,Desktop or Laptop,Windows 10,Chrome 120.0.0.0,1680x1050,1464x804,,,,Demographics,1,CAB,No,BEGIN QUESTIONNAIRE,
2,1.71E+12,30/01/2024 10:28,1.71E+12,0,30/01/2024 10:28,161196,3,questionnaire-ja96,,34598852,BLIND,10229450,,complete,,,computer,Desktop or Laptop,Windows 10,Chrome 120.0.0.0,1680x1050,1464x804,,,,Demographics,1,CAB,No,Sex,Female
3,1.71E+12,30/01/2024 10:28,1.71E+12,0,30/01/2024 10:28,161196,3,questionnaire-ja96,,34598852,BLIND,10229450,,complete,,,computer,Desktop or Laptop,Windows 10,Chrome 120.0.0.0,1680x1050,1464x804,,,,Demographics,1,CAB,No,Sex-quantised,1
4,1.71E+12,30/01/2024 10:28,1.71E+12,0,30/01/2024 10:28,161196,3,questionnaire-ja96,,34598852,BLIND,10229450,,complete,,,computer,Desktop or Laptop,Windows 10,Chrome 120.0.0.0,1680x1050,1464x804,,,,Demographics,1,CAB,No,Sex-text,
5,1.71E+12,30/01/2024 10:28,1.71E+12,0,30/01/2024 10:28,161196,3,questionnaire-ja96,,34598852,BLIND,10229450,,complete,,,computer,Desktop or Laptop,Windows 10,Chrome 120.0.0.0,1680x1050,1464x804,,,,Demographics,1,CAB,No,Age,18-24
6,1.71E+12,30/01/2024 10:28,1.71E+12,0,30/01/2024 10:28,161196,3,questionnaire-ja96,,34598852,BLIND,10229450,,complete,,,computer,Desktop or Laptop,Windows 10,Chrome 120.0.0.0,1680x1050,1464x804,,,,Demographics,1,CAB,No,Age-quantised,1
7,1.71E+12,30/01/2024 10:28,1.71E+12,0,30/01/2024 10:28,161196,3,questionnaire-ja96,,34598852,BLIND,10229450,,complete,,,computer,Desktop or Laptop,Windows 10,Chrome 120.0.0.0,1680x1050,1464x804,,,,Demographics,1,CAB,No,END QUESTIONNAIRE,4317
1,1.71E+12,30/01/2024 10:29,1.71E+12,0,30/01/2024 10:29,161196,3,questionnaire-ja96,,34598887,BLIND,10229468,,complete,,,computer,Desktop or Laptop,Windows 10,Chrome 120.0.0.0,1680x1050,1464x804,,,,Demographics,1,BCA,No,BEGIN QUESTIONNAIRE,
2,1.71E+12,30/01/2024 10:29,1.71E+12,0,30/01/2024 10:29,161196,3,questionnaire-ja96,,34598887,BLIND,10229468,,complete,,,computer,Desktop or Laptop,Windows 10,Chrome 120.0.0.0,1680x1050,1464x804,,,,Demographics,1,BCA,No,Sex,Female
3,1.71E+12,30/01/2024 10:29,1.71E+12,0,30/01/2024 10:29,161196,3,questionnaire-ja96,,34598887,BLIND,10229468,,complete,,,computer,Desktop or Laptop,Windows 10,Chrome 120.0.0.0,1680x1050,1464x804,,,,Demographics,1,BCA,No,Sex-quantised,1
4,1.71E+12,30/01/2024 10:29,1.71E+12,0,30/01/2024 10:29,161196,3,questionnaire-ja96,,34598887,BLIND,10229468,,complete,,,computer,Desktop or Laptop,Windows 10,Chrome 120.0.0.0,1680x1050,1464x804,,,,Demographics,1,BCA,No,Sex-text,
5,1.71E+12,30/01/2024 10:29,1.71E+12,0,30/01/2024 10:29,161196,3,questionnaire-ja96,,34598887,BLIND,10229468,,complete,,,computer,Desktop or Laptop,Windows 10,Chrome 120.0.0.0,1680x1050,1464x804,,,,Demographics,1,BCA,No,Age,41-50
6,1.71E+12,30/01/2024 10:29,1.71E+12,0,30/01/2024 10:29,161196,3,questionnaire-ja96,,34598887,BLIND,10229468,,complete,,,computer,Desktop or Laptop,Windows 10,Chrome 120.0.0.0,1680x1050,1464x804,,,,Demographics,1,BCA,No,Age-quantised,4
7,1.71E+12,30/01/2024 10:29,1.71E+12,0,30/01/2024 10:29,161196,3,questionnaire-ja96,,34598887,BLIND,10229468,,complete,,,computer,Desktop or Laptop,Windows 10,Chrome 120.0.0.0,1680x1050,1464x804,,,,Demographics,1,BCA,No,END QUESTIONNAIRE,9455
1,1.71E+12,30/01/2024 10:30,1.71E+12,0,30/01/2024 10:30,161196,3,questionnaire-ja96,,34598922,BLIND,10229489,,complete,,,computer,Desktop or Laptop,Windows 10,Chrome 120.0.0.0,1680x1050,1464x804,,,,Demographics,1,ABC,No,BEGIN QUESTIONNAIRE,
2,1.71E+12,30/01/2024 10:30,1.71E+12,0,30/01/2024 10:30,161196,3,questionnaire-ja96,,34598922,BLIND,10229489,,complete,,,computer,Desktop or Laptop,Windows 10,Chrome 120.0.0.0,1680x1050,1464x804,,,,Demographics,1,ABC,No,Sex,Female
3,1.71E+12,30/01/2024 10:30,1.71E+12,0,30/01/2024 10:30,161196,3,questionnaire-ja96,,34598922,BLIND,10229489,,complete,,,computer,Desktop or Laptop,Windows 10,Chrome 120.0.0.0,1680x1050,1464x804,,,,Demographics,1,ABC,No,Sex-quantised,1
4,1.71E+12,30/01/2024 10:30,1.71E+12,0,30/01/2024 10:30,161196,3,questionnaire-ja96,,34598922,BLIND,10229489,,complete,,,computer,Desktop or Laptop,Windows 10,Chrome 120.0.0.0,1680x1050,1464x804,,,,Demographics,1,ABC,No,Sex-text,
5,1.71E+12,30/01/2024 10:30,1.71E+12,0,30/01/2024 10:30,161196,3,questionnaire-ja96,,34598922,BLIND,10229489,,complete,,,computer,Desktop or Laptop,Windows 10,Chrome 120.0.0.0,1680x1050,1464x804,,,,Demographics,1,ABC,No,Age,31-40
6,1.71E+12,30/01/2024 10:30,1.71E+12,0,30/01/2024 10:30,161196,3,questionnaire-ja96,,34598922,BLIND,10229489,,complete,,,computer,Desktop or Laptop,Windows 10,Chrome 120.0.0.0,1680x1050,1464x804,,,,Demographics,1,ABC,No,Age-quantised,3
7,1.71E+12,30/01/2024 10:30,1.71E+12,0,30/01/2024 10:30,161196,3,questionnaire-ja96,,34598922,BLIND,10229489,,complete,,,computer,Desktop or Laptop,Windows 10,Chrome 120.0.0.0,1680x1050,1464x804,,,,Demographics,1,ABC,No,END QUESTIONNAIRE,6487
1,1.71E+12,30/01/2024 10:30,1.71E+12,0,30/01/2024 10:30,161196,3,questionnaire-ja96,,34598969,BLIND,10229499,,complete,,,computer,Desktop or Laptop,Windows 10,Chrome 115.0.0.0,1680x1050,1464x804,,,,Demographics,1,BCA,No,BEGIN QUESTIONNAIRE,
2,1.71E+12,30/01/2024 10:31,1.71E+12,0,30/01/2024 10:31,161196,3,questionnaire-ja96,,34598969,BLIND,10229499,,complete,,,computer,Desktop or Laptop,Windows 10,Chrome 115.0.0.0,1680x1050,1464x804,,,,Demographics,1,BCA,No,Sex,Female
3,1.71E+12,30/01/2024 10:31,1.71E+12,0,30/01/2024 10:31,161196,3,questionnaire-ja96,,34598969,BLIND,10229499,,complete,,,computer,Desktop or Laptop,Windows 10,Chrome 115.0.0.0,1680x1050,1464x804,,,,Demographics,1,BCA,No,Sex-quantised,1
4,1.71E+12,30/01/2024 10:31,1.71E+12,0,30/01/2024 10:31,161196,3,questionnaire-ja96,,34598969,BLIND,10229499,,complete,,,computer,Desktop or Laptop,Windows 10,Chrome 115.0.0.0,1680x1050,1464x804,,,,Demographics,1,BCA,No,Sex-text,
5,1.71E+12,30/01/2024 10:31,1.71E+12,0,30/01/2024 10:31,161196,3,questionnaire-ja96,,34598969,BLIND,10229499,,complete,,,computer,Desktop or Laptop,Windows 10,Chrome 115.0.0.0,1680x1050,1464x804,,,,Demographics,1,BCA,No,Age,18-24
6,1.71E+12,30/01/2024 10:31,1.71E+12,0,30/01/2024 10:31,161196,3,questionnaire-ja96,,34598969,BLIND,10229499,,complete,,,computer,Desktop or Laptop,Windows 10,Chrome 115.0.0.0,1680x1050,1464x804,,,,Demographics,1,BCA,No,Age-quantised,1
7,1.71E+12,30/01/2024 10:31,1.71E+12,0,30/01/2024 10:31,161196,3,questionnaire-ja96,,34598969,BLIND,10229499,,complete,,,computer,Desktop or Laptop,Windows 10,Chrome 115.0.0.0,1680x1050,1464x804,,,,Demographics,1,BCA,No,END QUESTIONNAIRE,6809
1,1.71E+12,30/01/2024 10:32,1.71E+12,0,30/01/2024 10:32,161196,3,questionnaire-ja96,,34599052,BLIND,10229522,,complete,,,computer,Desktop or Laptop,Windows 10,Chrome 120.0.0.0,1680x1050,1464x804,,,,Demographics,1,CAB,No,BEGIN QUESTIONNAIRE,
2,1.71E+12,30/01/2024 10:32,1.71E+12,0,30/01/2024 10:32,161196,3,questionnaire-ja96,,34599052,BLIND,10229522,,complete,,,computer,Desktop or Laptop,Windows 10,Chrome 120.0.0.0,1680x1050,1464x804,,,,Demographics,1,CAB,No,Sex,Female
3,1.71E+12,30/01/2024 10:32,1.71E+12,0,30/01/2024 10:32,161196,3,questionnaire-ja96,,34599052,BLIND,10229522,,complete,,,computer,Desktop or Laptop,Windows 10,Chrome 120.0.0.0,1680x1050,1464x804,,,,Demographics,1,CAB,No,Sex-quantised,1
4,1.71E+12,30/01/2024 10:32,1.71E+12,0,30/01/2024 10:32,161196,3,questionnaire-ja96,,34599052,BLIND,10229522,,complete,,,computer,Desktop or Laptop,Windows 10,Chrome 120.0.0.0,1680x1050,1464x804,,,,Demographics,1,CAB,No,Sex-text,
5,1.71E+12,30/01/2024 10:32,1.71E+12,0,30/01/2024 10:32,161196,3,questionnaire-ja96,,34599052,BLIND,10229522,,complete,,,computer,Desktop or Laptop,Windows 10,Chrome 120.0.0.0,1680x1050,1464x804,,,,Demographics,1,CAB,No,Age,18-24
6,1.71E+12,30/01/2024 10:32,1.71E+12,0,30/01/2024 10:32,161196,3,questionnaire-ja96,,34599052,BLIND,10229522,,complete,,,computer,Desktop or Laptop,Windows 10,Chrome 120.0.0.0,1680x1050,1464x804,,,,Demographics,1,CAB,No,Age-quantised,1
7,1.71E+12,30/01/2024 10:32,1.71E+12,0,30/01/2024 10:32,161196,3,questionnaire-ja96,,34599052,BLIND,10229522,,complete,,,computer,Desktop or Laptop,Windows 10,Chrome 120.0.0.0,1680x1050,1464x804,,,,Demographics,1,CAB,No,END QUESTIONNAIRE,12126
1,1.71E+12,30/01/2024 10:32,1.71E+12,0,30/01/2024 10:32,161196,3,questionnaire-ja96,,34599061,BLIND,10229525,,complete,,,computer,Desktop or Laptop,Windows 10,Chrome 120.0.0.0,1680x1050,1464x804,,,,Demographics,1,ABC,No,BEGIN QUESTIONNAIRE,
2,1.71E+12,30/01/2024 10:32,1.71E+12,0,30/01/2024 10:32,161196,3,questionnaire-ja96,,34599061,BLIND,10229525,,complete,,,computer,Desktop or Laptop,Windows 10,Chrome 120.0.0.0,1680x1050,1464x804,,,,Demographics,1,ABC,No,Sex,Male
3,1.71E+12,30/01/2024 10:32,1.71E+12,0,30/01/2024 10:32,161196,3,questionnaire-ja96,,34599061,BLIND,10229525,,complete,,,computer,Desktop or Laptop,Windows 10,Chrome 120.0.0.0,1680x1050,1464x804,,,,Demographics,1,ABC,No,Sex-quantised,2
4,1.71E+12,30/01/2024 10:32,1.71E+12,0,30/01/2024 10:32,161196,3,questionnaire-ja96,,34599061,BLIND,10229525,,complete,,,computer,Desktop or Laptop,Windows 10,Chrome 120.0.0.0,1680x1050,1464x804,,,,Demographics,1,ABC,No,Sex-text,
5,1.71E+12,30/01/2024 10:32,1.71E+12,0,30/01/2024 10:32,161196,3,questionnaire-ja96,,34599061,BLIND,10229525,,complete,,,computer,Desktop or Laptop,Windows 10,Chrome 120.0.0.0,1680x1050,1464x804,,,,Demographics,1,ABC,No,Age,18-24
6,1.71E+12,30/01/2024 10:32,1.71E+12,0,30/01/2024 10:32,161196,3,questionnaire-ja96,,34599061,BLIND,10229525,,complete,,,computer,Desktop or Laptop,Windows 10,Chrome 120.0.0.0,1680x1050,1464x804,,,,Demographics,1,ABC,No,Age-quantised,1
7,1.71E+12,30/01/2024 10:32,1.71E+12,0,30/01/2024 10:32,161196,3,questionnaire-ja96,,34599061,BLIND,10229525,,complete,,,computer,Desktop or Laptop,Windows 10,Chrome 120.0.0.0,1680x1050,1464x804,,,,Demographics,1,ABC,No,END QUESTIONNAIRE,5876
1,1.71E+12,30/01/2024 10:38,1.71E+12,-8,30/01/2024 02:38,161196,3,questionnaire-ja96,,34599265,BLIND,10229575,,complete,,,computer,Desktop or Laptop,Mac OS 10.15.7,Safari 17.1.2,1710x1107,1324x860,,,,Demographics,1,BCA,No,BEGIN QUESTIONNAIRE,
2,1.71E+12,30/01/2024 10:38,1.71E+12,-8,30/01/2024 02:38,161196,3,questionnaire-ja96,,34599265,BLIND,10229575,,complete,,,computer,Desktop or Laptop,Mac OS 10.15.7,Safari 17.1.2,1710x1107,1324x860,,,,Demographics,1,BCA,No,Sex,Female
3,1.71E+12,30/01/2024 10:38,1.71E+12,-8,30/01/2024 02:38,161196,3,questionnaire-ja96,,34599265,BLIND,10229575,,complete,,,computer,Desktop or Laptop,Mac OS 10.15.7,Safari 17.1.2,1710x1107,1324x860,,,,Demographics,1,BCA,No,Sex-quantised,1
4,1.71E+12,30/01/2024 10:38,1.71E+12,-8,30/01/2024 02:38,161196,3,questionnaire-ja96,,34599265,BLIND,10229575,,complete,,,computer,Desktop or Laptop,Mac OS 10.15.7,Safari 17.1.2,1710x1107,1324x860,,,,Demographics,1,BCA,No,Sex-text,
5,1.71E+12,30/01/2024 10:38,1.71E+12,-8,30/01/2024 02:38,161196,3,questionnaire-ja96,,34599265,BLIND,10229575,,complete,,,computer,Desktop or Laptop,Mac OS 10.15.7,Safari 17.1.2,1710x1107,1324x860,,,,Demographics,1,BCA,No,Age,31-40
6,1.71E+12,30/01/2024 10:38,1.71E+12,-8,30/01/2024 02:38,161196,3,questionnaire-ja96,,34599265,BLIND,10229575,,complete,,,computer,Desktop or Laptop,Mac OS 10.15.7,Safari 17.1.2,1710x1107,1324x860,,,,Demographics,1,BCA,No,Age-quantised,3
7,1.71E+12,30/01/2024 10:38,1.71E+12,-8,30/01/2024 02:38,161196,3,questionnaire-ja96,,34599265,BLIND,10229575,,complete,,,computer,Desktop or Laptop,Mac OS 10.15.7,Safari 17.1.2,1710x1107,1324x860,,,,Demographics,1,BCA,No,END QUESTIONNAIRE,12467
1,1.71E+12,30/01/2024 11:30,1.71E+12,0,30/01/2024 11:30,161196,3,questionnaire-ja96,,34602281,BLIND,10230533,,complete,,,computer,Desktop or Laptop,Windows 10,Chrome 120.0.0.0,1366x768,1366x633,,,,Demographics,1,CAB,No,BEGIN QUESTIONNAIRE,
2,1.71E+12,30/01/2024 11:30,1.71E+12,0,30/01/2024 11:30,161196,3,questionnaire-ja96,,34602281,BLIND,10230533,,complete,,,computer,Desktop or Laptop,Windows 10,Chrome 120.0.0.0,1366x768,1366x633,,,,Demographics,1,CAB,No,Sex,Female
3,1.71E+12,30/01/2024 11:30,1.71E+12,0,30/01/2024 11:30,161196,3,questionnaire-ja96,,34602281,BLIND,10230533,,complete,,,computer,Desktop or Laptop,Windows 10,Chrome 120.0.0.0,1366x768,1366x633,,,,Demographics,1,CAB,No,Sex-quantised,1
4,1.71E+12,30/01/2024 11:30,1.71E+12,0,30/01/2024 11:30,161196,3,questionnaire-ja96,,34602281,BLIND,10230533,,complete,,,computer,Desktop or Laptop,Windows 10,Chrome 120.0.0.0,1366x768,1366x633,,,,Demographics,1,CAB,No,Sex-text,
5,1.71E+12,30/01/2024 11:30,1.71E+12,0,30/01/2024 11:30,161196,3,questionnaire-ja96,,34602281,BLIND,10230533,,complete,,,computer,Desktop or Laptop,Windows 10,Chrome 120.0.0.0,1366x768,1366x633,,,,Demographics,1,CAB,No,Age,18-24
6,1.71E+12,30/01/2024 11:30,1.71E+12,0,30/01/2024 11:30,161196,3,questionnaire-ja96,,34602281,BLIND,10230533,,complete,,,computer,Desktop or Laptop,Windows 10,Chrome 120.0.0.0,1366x768,1366x633,,,,Demographics,1,CAB,No,Age-quantised,1
7,1.71E+12,30/01/2024 11:30,1.71E+12,0,30/01/2024 11:30,161196,3,questionnaire-ja96,,34602281,BLIND,10230533,,complete,,,computer,Desktop or Laptop,Windows 10,Chrome 120.0.0.0,1366x768,1366x633,,,,Demographics,1,CAB,No,END QUESTIONNAIRE,4984
1,1.71E+12,30/01/2024 11:30,1.71E+12,0,30/01/2024 11:30,161196,3,questionnaire-ja96,,34602300,BLIND,10230537,,complete,,,computer,Desktop or Laptop,Windows 10,Edge 120.0.0.0,1280x720,1272x572,,,,Demographics,1,BCA,No,BEGIN QUESTIONNAIRE,
2,1.71E+12,30/01/2024 11:30,1.71E+12,0,30/01/2024 11:30,161196,3,questionnaire-ja96,,34602300,BLIND,10230537,,complete,,,computer,Desktop or Laptop,Windows 10,Edge 120.0.0.0,1280x720,1272x572,,,,Demographics,1,BCA,No,Sex,Female
3,1.71E+12,30/01/2024 11:30,1.71E+12,0,30/01/2024 11:30,161196,3,questionnaire-ja96,,34602300,BLIND,10230537,,complete,,,computer,Desktop or Laptop,Windows 10,Edge 120.0.0.0,1280x720,1272x572,,,,Demographics,1,BCA,No,Sex-quantised,1
4,1.71E+12,30/01/2024 11:30,1.71E+12,0,30/01/2024 11:30,161196,3,questionnaire-ja96,,34602300,BLIND,10230537,,complete,,,computer,Desktop or Laptop,Windows 10,Edge 120.0.0.0,1280x720,1272x572,,,,Demographics,1,BCA,No,Sex-text,
5,1.71E+12,30/01/2024 11:30,1.71E+12,0,30/01/2024 11:30,161196,3,questionnaire-ja96,,34602300,BLIND,10230537,,complete,,,computer,Desktop or Laptop,Windows 10,Edge 120.0.0.0,1280x720,1272x572,,,,Demographics,1,BCA,No,Age,18-24
6,1.71E+12,30/01/2024 11:30,1.71E+12,0,30/01/2024 11:30,161196,3,questionnaire-ja96,,34602300,BLIND,10230537,,complete,,,computer,Desktop or Laptop,Windows 10,Edge 120.0.0.0,1280x720,1272x572,,,,Demographics,1,BCA,No,Age-quantised,1
7,1.71E+12,30/01/2024 11:30,1.71E+12,0,30/01/2024 11:30,161196,3,questionnaire-ja96,,34602300,BLIND,10230537,,complete,,,computer,Desktop or Laptop,Windows 10,Edge 120.0.0.0,1280x720,1272x572,,,,Demographics,1,BCA,No,END QUESTIONNAIRE,8250
1,1.71E+12,30/01/2024 11:30,1.71E+12,0,30/01/2024 11:31,161196,3,questionnaire-ja96,,34602325,BLIND,10230546,,complete,,,computer,Desktop or Laptop,Windows 10,Chrome 120.0.0.0,1280x800,1280x631,,,,Demographics,1,ABC,No,BEGIN QUESTIONNAIRE,
2,1.71E+12,30/01/2024 11:31,1.71E+12,0,30/01/2024 11:31,161196,3,questionnaire-ja96,,34602325,BLIND,10230546,,complete,,,computer,Desktop or Laptop,Windows 10,Chrome 120.0.0.0,1280x800,1280x631,,,,Demographics,1,ABC,No,Sex,Female
3,1.71E+12,30/01/2024 11:31,1.71E+12,0,30/01/2024 11:31,161196,3,questionnaire-ja96,,34602325,BLIND,10230546,,complete,,,computer,Desktop or Laptop,Windows 10,Chrome 120.0.0.0,1280x800,1280x631,,,,Demographics,1,ABC,No,Sex-quantised,1
4,1.71E+12,30/01/2024 11:31,1.71E+12,0,30/01/2024 11:31,161196,3,questionnaire-ja96,,34602325,BLIND,10230546,,complete,,,computer,Desktop or Laptop,Windows 10,Chrome 120.0.0.0,1280x800,1280x631,,,,Demographics,1,ABC,No,Sex-text,
5,1.71E+12,30/01/2024 11:31,1.71E+12,0,30/01/2024 11:31,161196,3,questionnaire-ja96,,34602325,BLIND,10230546,,complete,,,computer,Desktop or Laptop,Windows 10,Chrome 120.0.0.0,1280x800,1280x631,,,,Demographics,1,ABC,No,Age,18-24
6,1.71E+12,30/01/2024 11:31,1.71E+12,0,30/01/2024 11:31,161196,3,questionnaire-ja96,,34602325,BLIND,10230546,,complete,,,computer,Desktop or Laptop,Windows 10,Chrome 120.0.0.0,1280x800,1280x631,,,,Demographics,1,ABC,No,Age-quantised,1
7,1.71E+12,30/01/2024 11:31,1.71E+12,0,30/01/2024 11:31,161196,3,questionnaire-ja96,,34602325,BLIND,10230546,,complete,,,computer,Desktop or Laptop,Windows 10,Chrome 120.0.0.0,1280x800,1280x631,,,,Demographics,1,ABC,No,END QUESTIONNAIRE,8130
1,1.71E+12,30/01/2024 11:30,1.71E+12,0,30/01/2024 11:30,161196,3,questionnaire-ja96,,34602326,BLIND,10230547,,complete,,,computer,Desktop or Laptop,Windows 10,Chrome 120.0.0.0,1680x1050,1464x800,,,,Demographics,1,CAB,No,BEGIN QUESTIONNAIRE,
2,1.71E+12,30/01/2024 11:31,1.71E+12,0,30/01/2024 11:31,161196,3,questionnaire-ja96,,34602326,BLIND,10230547,,complete,,,computer,Desktop or Laptop,Windows 10,Chrome 120.0.0.0,1680x1050,1464x800,,,,Demographics,1,CAB,No,Sex,Female
3,1.71E+12,30/01/2024 11:31,1.71E+12,0,30/01/2024 11:31,161196,3,questionnaire-ja96,,34602326,BLIND,10230547,,complete,,,computer,Desktop or Laptop,Windows 10,Chrome 120.0.0.0,1680x1050,1464x800,,,,Demographics,1,CAB,No,Sex-quantised,1
4,1.71E+12,30/01/2024 11:31,1.71E+12,0,30/01/2024 11:31,161196,3,questionnaire-ja96,,34602326,BLIND,10230547,,complete,,,computer,Desktop or Laptop,Windows 10,Chrome 120.0.0.0,1680x1050,1464x800,,,,Demographics,1,CAB,No,Sex-text,
5,1.71E+12,30/01/2024 11:31,1.71E+12,0,30/01/2024 11:31,161196,3,questionnaire-ja96,,34602326,BLIND,10230547,,complete,,,computer,Desktop or Laptop,Windows 10,Chrome 120.0.0.0,1680x1050,1464x800,,,,Demographics,1,CAB,No,Age,25-30
6,1.71E+12,30/01/2024 11:31,1.71E+12,0,30/01/2024 11:31,161196,3,questionnaire-ja96,,34602326,BLIND,10230547,,complete,,,computer,Desktop or Laptop,Windows 10,Chrome 120.0.0.0,1680x1050,1464x800,,,,Demographics,1,CAB,No,Age-quantised,2
7,1.71E+12,30/01/2024 11:31,1.71E+12,0,30/01/2024 11:31,161196,3,questionnaire-ja96,,34602326,BLIND,10230547,,complete,,,computer,Desktop or Laptop,Windows 10,Chrome 120.0.0.0,1680x1050,1464x800,,,,Demographics,1,CAB,No,END QUESTIONNAIRE,7752
1,1.71E+12,30/01/2024 11:30,1.71E+12,0,30/01/2024 11:30,161196,3,questionnaire-ja96,,34602328,BLIND,10230541,,complete,,,computer,Desktop or Laptop,Windows 10,Chrome 120.0.0.0,1680x1050,1464x804,,,,Demographics,1,BCA,No,BEGIN QUESTIONNAIRE,
2,1.71E+12,30/01/2024 11:31,1.71E+12,0,30/01/2024 11:31,161196,3,questionnaire-ja96,,34602328,BLIND,10230541,,complete,,,computer,Desktop or Laptop,Windows 10,Chrome 120.0.0.0,1680x1050,1464x804,,,,Demographics,1,BCA,No,Sex,Female
3,1.71E+12,30/01/2024 11:31,1.71E+12,0,30/01/2024 11:31,161196,3,questionnaire-ja96,,34602328,BLIND,10230541,,complete,,,computer,Desktop or Laptop,Windows 10,Chrome 120.0.0.0,1680x1050,1464x804,,,,Demographics,1,BCA,No,Sex-quantised,1
4,1.71E+12,30/01/2024 11:31,1.71E+12,0,30/01/2024 11:31,161196,3,questionnaire-ja96,,34602328,BLIND,10230541,,complete,,,computer,Desktop or Laptop,Windows 10,Chrome 120.0.0.0,1680x1050,1464x804,,,,Demographics,1,BCA,No,Sex-text,
5,1.71E+12,30/01/2024 11:31,1.71E+12,0,30/01/2024 11:31,161196,3,questionnaire-ja96,,34602328,BLIND,10230541,,complete,,,computer,Desktop or Laptop,Windows 10,Chrome 120.0.0.0,1680x1050,1464x804,,,,Demographics,1,BCA,No,Age,18-24
6,1.71E+12,30/01/2024 11:31,1.71E+12,0,30/01/2024 11:31,161196,3,questionnaire-ja96,,34602328,BLIND,10230541,,complete,,,computer,Desktop or Laptop,Windows 10,Chrome 120.0.0.0,1680x1050,1464x804,,,,Demographics,1,BCA,No,Age-quantised,1
7,1.71E+12,30/01/2024 11:31,1.71E+12,0,30/01/2024 11:31,161196,3,questionnaire-ja96,,34602328,BLIND,10230541,,complete,,,computer,Desktop or Laptop,Windows 10,Chrome 120.0.0.0,1680x1050,1464x804,,,,Demographics,1,BCA,No,END QUESTIONNAIRE,11857
1,1.71E+12,30/01/2024 11:31,1.71E+12,0,30/01/2024 11:31,161196,3,questionnaire-ja96,,34602378,BLIND,10230551,,complete,,,computer,Desktop or Laptop,Windows 10,Chrome 120.0.0.0,1680x1050,1464x804,,,,Demographics,1,ABC,No,BEGIN QUESTIONNAIRE,
2,1.71E+12,30/01/2024 11:31,1.71E+12,0,30/01/2024 11:31,161196,3,questionnaire-ja96,,34602378,BLIND,10230551,,complete,,,computer,Desktop or Laptop,Windows 10,Chrome 120.0.0.0,1680x1050,1464x804,,,,Demographics,1,ABC,No,Sex,Female
3,1.71E+12,30/01/2024 11:31,1.71E+12,0,30/01/2024 11:31,161196,3,questionnaire-ja96,,34602378,BLIND,10230551,,complete,,,computer,Desktop or Laptop,Windows 10,Chrome 120.0.0.0,1680x1050,1464x804,,,,Demographics,1,ABC,No,Sex-quantised,1
4,1.71E+12,30/01/2024 11:31,1.71E+12,0,30/01/2024 11:31,161196,3,questionnaire-ja96,,34602378,BLIND,10230551,,complete,,,computer,Desktop or Laptop,Windows 10,Chrome 120.0.0.0,1680x1050,1464x804,,,,Demographics,1,ABC,No,Sex-text,
5,1.71E+12,30/01/2024 11:31,1.71E+12,0,30/01/2024 11:31,161196,3,questionnaire-ja96,,34602378,BLIND,10230551,,complete,,,computer,Desktop or Laptop,Windows 10,Chrome 120.0.0.0,1680x1050,1464x804,,,,Demographics,1,ABC,No,Age,18-24
6,1.71E+12,30/01/2024 11:31,1.71E+12,0,30/01/2024 11:31,161196,3,questionnaire-ja96,,34602378,BLIND,10230551,,complete,,,computer,Desktop or Laptop,Windows 10,Chrome 120.0.0.0,1680x1050,1464x804,,,,Demographics,1,ABC,No,Age-quantised,1
7,1.71E+12,30/01/2024 11:31,1.71E+12,0,30/01/2024 11:31,161196,3,questionnaire-ja96,,34602378,BLIND,10230551,,complete,,,computer,Desktop or Laptop,Windows 10,Chrome 120.0.0.0,1680x1050,1464x804,,,,Demographics,1,ABC,No,END QUESTIONNAIRE,8644
1,1.71E+12,30/01/2024 11:31,1.71E+12,0,30/01/2024 11:31,161196,3,questionnaire-ja96,,34602374,BLIND,10230559,,complete,,,computer,Desktop or Laptop,Windows 10,Edge 120.0.0.0,1280x720,1232x606,,,,Demographics,1,CAB,No,BEGIN QUESTIONNAIRE,
2,1.71E+12,30/01/2024 11:31,1.71E+12,0,30/01/2024 11:31,161196,3,questionnaire-ja96,,34602374,BLIND,10230559,,complete,,,computer,Desktop or Laptop,Windows 10,Edge 120.0.0.0,1280x720,1232x606,,,,Demographics,1,CAB,No,Sex,Female
3,1.71E+12,30/01/2024 11:31,1.71E+12,0,30/01/2024 11:31,161196,3,questionnaire-ja96,,34602374,BLIND,10230559,,complete,,,computer,Desktop or Laptop,Windows 10,Edge 120.0.0.0,1280x720,1232x606,,,,Demographics,1,CAB,No,Sex-quantised,1
4,1.71E+12,30/01/2024 11:31,1.71E+12,0,30/01/2024 11:31,161196,3,questionnaire-ja96,,34602374,BLIND,10230559,,complete,,,computer,Desktop or Laptop,Windows 10,Edge 120.0.0.0,1280x720,1232x606,,,,Demographics,1,CAB,No,Sex-text,
5,1.71E+12,30/01/2024 11:31,1.71E+12,0,30/01/2024 11:31,161196,3,questionnaire-ja96,,34602374,BLIND,10230559,,complete,,,computer,Desktop or Laptop,Windows 10,Edge 120.0.0.0,1280x720,1232x606,,,,Demographics,1,CAB,No,Age,18-24
6,1.71E+12,30/01/2024 11:31,1.71E+12,0,30/01/2024 11:31,161196,3,questionnaire-ja96,,34602374,BLIND,10230559,,complete,,,computer,Desktop or Laptop,Windows 10,Edge 120.0.0.0,1280x720,1232x606,,,,Demographics,1,CAB,No,Age-quantised,1
7,1.71E+12,30/01/2024 11:31,1.71E+12,0,30/01/2024 11:31,161196,3,questionnaire-ja96,,34602374,BLIND,10230559,,complete,,,computer,Desktop or Laptop,Windows 10,Edge 120.0.0.0,1280x720,1232x606,,,,Demographics,1,CAB,No,END QUESTIONNAIRE,9088
1,1.71E+12,30/01/2024 11:32,1.71E+12,0,30/01/2024 11:32,161196,3,questionnaire-ja96,,34602429,BLIND,10230571,,complete,,,computer,Desktop or Laptop,Windows 10,Chrome 120.0.0.0,1680x1050,1680x901,,,,Demographics,1,CAB,No,BEGIN QUESTIONNAIRE,
2,1.71E+12,30/01/2024 11:32,1.71E+12,0,30/01/2024 11:32,161196,3,questionnaire-ja96,,34602429,BLIND,10230571,,complete,,,computer,Desktop or Laptop,Windows 10,Chrome 120.0.0.0,1680x1050,1680x901,,,,Demographics,1,CAB,No,Sex,Female
3,1.71E+12,30/01/2024 11:32,1.71E+12,0,30/01/2024 11:32,161196,3,questionnaire-ja96,,34602429,BLIND,10230571,,complete,,,computer,Desktop or Laptop,Windows 10,Chrome 120.0.0.0,1680x1050,1680x901,,,,Demographics,1,CAB,No,Sex-quantised,1
4,1.71E+12,30/01/2024 11:32,1.71E+12,0,30/01/2024 11:32,161196,3,questionnaire-ja96,,34602429,BLIND,10230571,,complete,,,computer,Desktop or Laptop,Windows 10,Chrome 120.0.0.0,1680x1050,1680x901,,,,Demographics,1,CAB,No,Sex-text,
5,1.71E+12,30/01/2024 11:32,1.71E+12,0,30/01/2024 11:32,161196,3,questionnaire-ja96,,34602429,BLIND,10230571,,complete,,,computer,Desktop or Laptop,Windows 10,Chrome 120.0.0.0,1680x1050,1680x901,,,,Demographics,1,CAB,No,Age,18-24
6,1.71E+12,30/01/2024 11:32,1.71E+12,0,30/01/2024 11:32,161196,3,questionnaire-ja96,,34602429,BLIND,10230571,,complete,,,computer,Desktop or Laptop,Windows 10,Chrome 120.0.0.0,1680x1050,1680x901,,,,Demographics,1,CAB,No,Age-quantised,1
7,1.71E+12,30/01/2024 11:32,1.71E+12,0,30/01/2024 11:32,161196,3,questionnaire-ja96,,34602429,BLIND,10230571,,complete,,,computer,Desktop or Laptop,Windows 10,Chrome 120.0.0.0,1680x1050,1680x901,,,,Demographics,1,CAB,No,END QUESTIONNAIRE,6147
1,1.71E+12,30/01/2024 11:32,1.71E+12,0,30/01/2024 11:32,161196,3,questionnaire-ja96,,34602445,BLIND,10230576,,complete,,,computer,Desktop or Laptop,Windows 10,Chrome 120.0.0.0,1680x1050,1464x804,,,,Demographics,1,BCA,No,BEGIN QUESTIONNAIRE,
2,1.71E+12,30/01/2024 11:32,1.71E+12,0,30/01/2024 11:32,161196,3,questionnaire-ja96,,34602445,BLIND,10230576,,complete,,,computer,Desktop or Laptop,Windows 10,Chrome 120.0.0.0,1680x1050,1464x804,,,,Demographics,1,BCA,No,Sex,Female
3,1.71E+12,30/01/2024 11:32,1.71E+12,0,30/01/2024 11:32,161196,3,questionnaire-ja96,,34602445,BLIND,10230576,,complete,,,computer,Desktop or Laptop,Windows 10,Chrome 120.0.0.0,1680x1050,1464x804,,,,Demographics,1,BCA,No,Sex-quantised,1
4,1.71E+12,30/01/2024 11:32,1.71E+12,0,30/01/2024 11:32,161196,3,questionnaire-ja96,,34602445,BLIND,10230576,,complete,,,computer,Desktop or Laptop,Windows 10,Chrome 120.0.0.0,1680x1050,1464x804,,,,Demographics,1,BCA,No,Sex-text,
5,1.71E+12,30/01/2024 11:32,1.71E+12,0,30/01/2024 11:32,161196,3,questionnaire-ja96,,34602445,BLIND,10230576,,complete,,,computer,Desktop or Laptop,Windows 10,Chrome 120.0.0.0,1680x1050,1464x804,,,,Demographics,1,BCA,No,Age,18-24
6,1.71E+12,30/01/2024 11:32,1.71E+12,0,30/01/2024 11:32,161196,3,questionnaire-ja96,,34602445,BLIND,10230576,,complete,,,computer,Desktop or Laptop,Windows 10,Chrome 120.0.0.0,1680x1050,1464x804,,,,Demographics,1,BCA,No,Age-quantised,1
7,1.71E+12,30/01/2024 11:32,1.71E+12,0,30/01/2024 11:32,161196,3,questionnaire-ja96,,34602445,BLIND,10230576,,complete,,,computer,Desktop or Laptop,Windows 10,Chrome 120.0.0.0,1680x1050,1464x804,,,,Demographics,1,BCA,No,END QUESTIONNAIRE,5218
1,1.71E+12,30/01/2024 11:32,1.71E+12,0,30/01/2024 11:32,161196,3,questionnaire-ja96,,34602447,BLIND,10230578,,complete,,,computer,Desktop or Laptop,Windows 10,Chrome 120.0.0.0,1680x1050,1680x901,,,,Demographics,1,ABC,No,BEGIN QUESTIONNAIRE,
2,1.71E+12,30/01/2024 11:32,1.71E+12,0,30/01/2024 11:32,161196,3,questionnaire-ja96,,34602447,BLIND,10230578,,complete,,,computer,Desktop or Laptop,Windows 10,Chrome 120.0.0.0,1680x1050,1680x901,,,,Demographics,1,ABC,No,Sex,Female
3,1.71E+12,30/01/2024 11:32,1.71E+12,0,30/01/2024 11:32,161196,3,questionnaire-ja96,,34602447,BLIND,10230578,,complete,,,computer,Desktop or Laptop,Windows 10,Chrome 120.0.0.0,1680x1050,1680x901,,,,Demographics,1,ABC,No,Sex-quantised,1
4,1.71E+12,30/01/2024 11:32,1.71E+12,0,30/01/2024 11:32,161196,3,questionnaire-ja96,,34602447,BLIND,10230578,,complete,,,computer,Desktop or Laptop,Windows 10,Chrome 120.0.0.0,1680x1050,1680x901,,,,Demographics,1,ABC,No,Sex-text,
5,1.71E+12,30/01/2024 11:32,1.71E+12,0,30/01/2024 11:32,161196,3,questionnaire-ja96,,34602447,BLIND,10230578,,complete,,,computer,Desktop or Laptop,Windows 10,Chrome 120.0.0.0,1680x1050,1680x901,,,,Demographics,1,ABC,No,Age,18-24
6,1.71E+12,30/01/2024 11:32,1.71E+12,0,30/01/2024 11:32,161196,3,questionnaire-ja96,,34602447,BLIND,10230578,,complete,,,computer,Desktop or Laptop,Windows 10,Chrome 120.0.0.0,1680x1050,1680x901,,,,Demographics,1,ABC,No,Age-quantised,1
7,1.71E+12,30/01/2024 11:32,1.71E+12,0,30/01/2024 11:32,161196,3,questionnaire-ja96,,34602447,BLIND,10230578,,complete,,,computer,Desktop or Laptop,Windows 10,Chrome 120.0.0.0,1680x1050,1680x901,,,,Demographics,1,ABC,No,END QUESTIONNAIRE,4165
1,1.71E+12,30/01/2024 11:33,1.71E+12,0,30/01/2024 11:33,161196,3,questionnaire-ja96,,34602491,BLIND,10230589,,complete,,,computer,Desktop or Laptop,Windows 10,Chrome 120.0.0.0,1680x1050,1464x804,,,,Demographics,1,CAB,No,BEGIN QUESTIONNAIRE,
2,1.71E+12,30/01/2024 11:33,1.71E+12,0,30/01/2024 11:33,161196,3,questionnaire-ja96,,34602491,BLIND,10230589,,complete,,,computer,Desktop or Laptop,Windows 10,Chrome 120.0.0.0,1680x1050,1464x804,,,,Demographics,1,CAB,No,Sex,Female
3,1.71E+12,30/01/2024 11:33,1.71E+12,0,30/01/2024 11:33,161196,3,questionnaire-ja96,,34602491,BLIND,10230589,,complete,,,computer,Desktop or Laptop,Windows 10,Chrome 120.0.0.0,1680x1050,1464x804,,,,Demographics,1,CAB,No,Sex-quantised,1
4,1.71E+12,30/01/2024 11:33,1.71E+12,0,30/01/2024 11:33,161196,3,questionnaire-ja96,,34602491,BLIND,10230589,,complete,,,computer,Desktop or Laptop,Windows 10,Chrome 120.0.0.0,1680x1050,1464x804,,,,Demographics,1,CAB,No,Sex-text,
5,1.71E+12,30/01/2024 11:33,1.71E+12,0,30/01/2024 11:33,161196,3,questionnaire-ja96,,34602491,BLIND,10230589,,complete,,,computer,Desktop or Laptop,Windows 10,Chrome 120.0.0.0,1680x1050,1464x804,,,,Demographics,1,CAB,No,Age,18-24
6,1.71E+12,30/01/2024 11:33,1.71E+12,0,30/01/2024 11:33,161196,3,questionnaire-ja96,,34602491,BLIND,10230589,,complete,,,computer,Desktop or Laptop,Windows 10,Chrome 120.0.0.0,1680x1050,1464x804,,,,Demographics,1,CAB,No,Age-quantised,1
7,1.71E+12,30/01/2024 11:33,1.71E+12,0,30/01/2024 11:33,161196,3,questionnaire-ja96,,34602491,BLIND,10230589,,complete,,,computer,Desktop or Laptop,Windows 10,Chrome 120.0.0.0,1680x1050,1464x804,,,,Demographics,1,CAB,No,END QUESTIONNAIRE,6299
1,1.71E+12,30/01/2024 11:33,1.71E+12,0,30/01/2024 11:33,161196,3,questionnaire-ja96,,34602506,BLIND,10230594,,complete,,,computer,Desktop or Laptop,Windows 10,Chrome 115.0.0.0,1680x1050,1680x901,,,,Demographics,1,ABC,No,BEGIN QUESTIONNAIRE,
2,1.71E+12,30/01/2024 11:34,1.71E+12,0,30/01/2024 11:34,161196,3,questionnaire-ja96,,34602506,BLIND,10230594,,complete,,,computer,Desktop or Laptop,Windows 10,Chrome 115.0.0.0,1680x1050,1680x901,,,,Demographics,1,ABC,No,Sex,Male
3,1.71E+12,30/01/2024 11:34,1.71E+12,0,30/01/2024 11:34,161196,3,questionnaire-ja96,,34602506,BLIND,10230594,,complete,,,computer,Desktop or Laptop,Windows 10,Chrome 115.0.0.0,1680x1050,1680x901,,,,Demographics,1,ABC,No,Sex-quantised,2
4,1.71E+12,30/01/2024 11:34,1.71E+12,0,30/01/2024 11:34,161196,3,questionnaire-ja96,,34602506,BLIND,10230594,,complete,,,computer,Desktop or Laptop,Windows 10,Chrome 115.0.0.0,1680x1050,1680x901,,,,Demographics,1,ABC,No,Sex-text,
5,1.71E+12,30/01/2024 11:34,1.71E+12,0,30/01/2024 11:34,161196,3,questionnaire-ja96,,34602506,BLIND,10230594,,complete,,,computer,Desktop or Laptop,Windows 10,Chrome 115.0.0.0,1680x1050,1680x901,,,,Demographics,1,ABC,No,Age,18-24
6,1.71E+12,30/01/2024 11:34,1.71E+12,0,30/01/2024 11:34,161196,3,questionnaire-ja96,,34602506,BLIND,10230594,,complete,,,computer,Desktop or Laptop,Windows 10,Chrome 115.0.0.0,1680x1050,1680x901,,,,Demographics,1,ABC,No,Age-quantised,1
7,1.71E+12,30/01/2024 11:34,1.71E+12,0,30/01/2024 11:34,161196,3,questionnaire-ja96,,34602506,BLIND,10230594,,complete,,,computer,Desktop or Laptop,Windows 10,Chrome 115.0.0.0,1680x1050,1680x901,,,,Demographics,1,ABC,No,END QUESTIONNAIRE,6405
1,1.71E+12,30/01/2024 11:35,1.71E+12,0,30/01/2024 11:35,161196,3,questionnaire-ja96,,34602559,BLIND,10230604,,complete,,,computer,Desktop or Laptop,Mac OS 10.15.7,Safari 16.5.2,1440x900,1440x820,,,,Demographics,1,BCA,No,BEGIN QUESTIONNAIRE,
2,1.71E+12,30/01/2024 11:35,1.71E+12,0,30/01/2024 11:35,161196,3,questionnaire-ja96,,34602559,BLIND,10230604,,complete,,,computer,Desktop or Laptop,Mac OS 10.15.7,Safari 16.5.2,1440x900,1440x820,,,,Demographics,1,BCA,No,Sex,Female
3,1.71E+12,30/01/2024 11:35,1.71E+12,0,30/01/2024 11:35,161196,3,questionnaire-ja96,,34602559,BLIND,10230604,,complete,,,computer,Desktop or Laptop,Mac OS 10.15.7,Safari 16.5.2,1440x900,1440x820,,,,Demographics,1,BCA,No,Sex-quantised,1
4,1.71E+12,30/01/2024 11:35,1.71E+12,0,30/01/2024 11:35,161196,3,questionnaire-ja96,,34602559,BLIND,10230604,,complete,,,computer,Desktop or Laptop,Mac OS 10.15.7,Safari 16.5.2,1440x900,1440x820,,,,Demographics,1,BCA,No,Sex-text,
5,1.71E+12,30/01/2024 11:35,1.71E+12,0,30/01/2024 11:35,161196,3,questionnaire-ja96,,34602559,BLIND,10230604,,complete,,,computer,Desktop or Laptop,Mac OS 10.15.7,Safari 16.5.2,1440x900,1440x820,,,,Demographics,1,BCA,No,Age,18-24
6,1.71E+12,30/01/2024 11:35,1.71E+12,0,30/01/2024 11:35,161196,3,questionnaire-ja96,,34602559,BLIND,10230604,,complete,,,computer,Desktop or Laptop,Mac OS 10.15.7,Safari 16.5.2,1440x900,1440x820,,,,Demographics,1,BCA,No,Age-quantised,1
7,1.71E+12,30/01/2024 11:35,1.71E+12,0,30/01/2024 11:35,161196,3,questionnaire-ja96,,34602559,BLIND,10230604,,complete,,,computer,Desktop or Laptop,Mac OS 10.15.7,Safari 16.5.2,1440x900,1440x820,,,,Demographics,1,BCA,No,END QUESTIONNAIRE,6257
1,1.71E+12,30/01/2024 11:38,1.71E+12,0,30/01/2024 11:38,161196,3,questionnaire-ja96,,34602748,BLIND,10230659,,complete,,,computer,Desktop or Laptop,Windows 10,Chrome 118.0.0.0,1680x1050,1464x804,,,,Demographics,1,ABC,No,BEGIN QUESTIONNAIRE,
2,1.71E+12,30/01/2024 11:39,1.71E+12,0,30/01/2024 11:39,161196,3,questionnaire-ja96,,34602748,BLIND,10230659,,complete,,,computer,Desktop or Laptop,Windows 10,Chrome 118.0.0.0,1680x1050,1464x804,,,,Demographics,1,ABC,No,Sex,Female
3,1.71E+12,30/01/2024 11:39,1.71E+12,0,30/01/2024 11:39,161196,3,questionnaire-ja96,,34602748,BLIND,10230659,,complete,,,computer,Desktop or Laptop,Windows 10,Chrome 118.0.0.0,1680x1050,1464x804,,,,Demographics,1,ABC,No,Sex-quantised,1
4,1.71E+12,30/01/2024 11:39,1.71E+12,0,30/01/2024 11:39,161196,3,questionnaire-ja96,,34602748,BLIND,10230659,,complete,,,computer,Desktop or Laptop,Windows 10,Chrome 118.0.0.0,1680x1050,1464x804,,,,Demographics,1,ABC,No,Sex-text,
5,1.71E+12,30/01/2024 11:39,1.71E+12,0,30/01/2024 11:39,161196,3,questionnaire-ja96,,34602748,BLIND,10230659,,complete,,,computer,Desktop or Laptop,Windows 10,Chrome 118.0.0.0,1680x1050,1464x804,,,,Demographics,1,ABC,No,Age,18-24
6,1.71E+12,30/01/2024 11:39,1.71E+12,0,30/01/2024 11:39,161196,3,questionnaire-ja96,,34602748,BLIND,10230659,,complete,,,computer,Desktop or Laptop,Windows 10,Chrome 118.0.0.0,1680x1050,1464x804,,,,Demographics,1,ABC,No,Age-quantised,1
7,1.71E+12,30/01/2024 11:39,1.71E+12,0,30/01/2024 11:39,161196,3,questionnaire-ja96,,34602748,BLIND,10230659,,complete,,,computer,Desktop or Laptop,Windows 10,Chrome 118.0.0.0,1680x1050,1464x804,,,,Demographics,1,ABC,No,END QUESTIONNAIRE,2722
1,1.71E+12,19/02/2024 15:22,1.71E+12,0,19/02/2024 15:22,161196,3,questionnaire-ja96,,35304412,BLIND,10428518,,complete,,,computer,Desktop or Laptop,Windows 10,Chrome 121.0.0.0,1280x720,1280x585,,,,Demographics,1,BCA,No,BEGIN QUESTIONNAIRE,
2,1.71E+12,19/02/2024 15:22,1.71E+12,0,19/02/2024 15:22,161196,3,questionnaire-ja96,,35304412,BLIND,10428518,,complete,,,computer,Desktop or Laptop,Windows 10,Chrome 121.0.0.0,1280x720,1280x585,,,,Demographics,1,BCA,No,Sex,Female
3,1.71E+12,19/02/2024 15:22,1.71E+12,0,19/02/2024 15:22,161196,3,questionnaire-ja96,,35304412,BLIND,10428518,,complete,,,computer,Desktop or Laptop,Windows 10,Chrome 121.0.0.0,1280x720,1280x585,,,,Demographics,1,BCA,No,Sex-quantised,1
4,1.71E+12,19/02/2024 15:22,1.71E+12,0,19/02/2024 15:22,161196,3,questionnaire-ja96,,35304412,BLIND,10428518,,complete,,,computer,Desktop or Laptop,Windows 10,Chrome 121.0.0.0,1280x720,1280x585,,,,Demographics,1,BCA,No,Sex-text,
5,1.71E+12,19/02/2024 15:22,1.71E+12,0,19/02/2024 15:22,161196,3,questionnaire-ja96,,35304412,BLIND,10428518,,complete,,,computer,Desktop or Laptop,Windows 10,Chrome 121.0.0.0,1280x720,1280x585,,,,Demographics,1,BCA,No,Age,18-24
6,1.71E+12,19/02/2024 15:22,1.71E+12,0,19/02/2024 15:22,161196,3,questionnaire-ja96,,35304412,BLIND,10428518,,complete,,,computer,Desktop or Laptop,Windows 10,Chrome 121.0.0.0,1280x720,1280x585,,,,Demographics,1,BCA,No,Age-quantised,1
7,1.71E+12,19/02/2024 15:22,1.71E+12,0,19/02/2024 15:22,161196,3,questionnaire-ja96,,35304412,BLIND,10428518,,complete,,,computer,Desktop or Laptop,Windows 10,Chrome 121.0.0.0,1280x720,1280x585,,,,Demographics,1,BCA,No,END QUESTIONNAIRE,8473
1,1.71E+12,20/02/2024 15:35,1.71E+12,0,20/02/2024 15:35,161196,3,questionnaire-ja96,,35352894,BLIND,10441243,,complete,,,computer,Desktop or Laptop,Windows 10,Chrome 121.0.0.0,2048x1152,1702x891,,,,Demographics,1,BCA,No,BEGIN QUESTIONNAIRE,
2,1.71E+12,20/02/2024 15:35,1.71E+12,0,20/02/2024 15:35,161196,3,questionnaire-ja96,,35352894,BLIND,10441243,,complete,,,computer,Desktop or Laptop,Windows 10,Chrome 121.0.0.0,2048x1152,1702x891,,,,Demographics,1,BCA,No,Sex,Male
3,1.71E+12,20/02/2024 15:35,1.71E+12,0,20/02/2024 15:35,161196,3,questionnaire-ja96,,35352894,BLIND,10441243,,complete,,,computer,Desktop or Laptop,Windows 10,Chrome 121.0.0.0,2048x1152,1702x891,,,,Demographics,1,BCA,No,Sex-quantised,2
4,1.71E+12,20/02/2024 15:35,1.71E+12,0,20/02/2024 15:35,161196,3,questionnaire-ja96,,35352894,BLIND,10441243,,complete,,,computer,Desktop or Laptop,Windows 10,Chrome 121.0.0.0,2048x1152,1702x891,,,,Demographics,1,BCA,No,Sex-text,
5,1.71E+12,20/02/2024 15:35,1.71E+12,0,20/02/2024 15:35,161196,3,questionnaire-ja96,,35352894,BLIND,10441243,,complete,,,computer,Desktop or Laptop,Windows 10,Chrome 121.0.0.0,2048x1152,1702x891,,,,Demographics,1,BCA,No,Age,18-24
6,1.71E+12,20/02/2024 15:35,1.71E+12,0,20/02/2024 15:35,161196,3,questionnaire-ja96,,35352894,BLIND,10441243,,complete,,,computer,Desktop or Laptop,Windows 10,Chrome 121.0.0.0,2048x1152,1702x891,,,,Demographics,1,BCA,No,Age-quantised,1
7,1.71E+12,20/02/2024 15:35,1.71E+12,0,20/02/2024 15:35,161196,3,questionnaire-ja96,,35352894,BLIND,10441243,,complete,,,computer,Desktop or Laptop,Windows 10,Chrome 121.0.0.0,2048x1152,1702x891,,,,Demographics,1,BCA,No,END QUESTIONNAIRE,5610
1,1.71E+12,20/02/2024 19:24,1.71E+12,0,20/02/2024 19:24,161196,3,questionnaire-ja96,,35365471,BLIND,10445255,,complete,,,computer,Desktop or Laptop,Windows 10,Chrome 121.0.0.0,1280x720,1280x585,,,,Demographics,1,CAB,No,BEGIN QUESTIONNAIRE,
2,1.71E+12,20/02/2024 19:24,1.71E+12,0,20/02/2024 19:24,161196,3,questionnaire-ja96,,35365471,BLIND,10445255,,complete,,,computer,Desktop or Laptop,Windows 10,Chrome 121.0.0.0,1280x720,1280x585,,,,Demographics,1,CAB,No,Sex,Female
3,1.71E+12,20/02/2024 19:24,1.71E+12,0,20/02/2024 19:24,161196,3,questionnaire-ja96,,35365471,BLIND,10445255,,complete,,,computer,Desktop or Laptop,Windows 10,Chrome 121.0.0.0,1280x720,1280x585,,,,Demographics,1,CAB,No,Sex-quantised,1
4,1.71E+12,20/02/2024 19:24,1.71E+12,0,20/02/2024 19:24,161196,3,questionnaire-ja96,,35365471,BLIND,10445255,,complete,,,computer,Desktop or Laptop,Windows 10,Chrome 121.0.0.0,1280x720,1280x585,,,,Demographics,1,CAB,No,Sex-text,
5,1.71E+12,20/02/2024 19:24,1.71E+12,0,20/02/2024 19:24,161196,3,questionnaire-ja96,,35365471,BLIND,10445255,,complete,,,computer,Desktop or Laptop,Windows 10,Chrome 121.0.0.0,1280x720,1280x585,,,,Demographics,1,CAB,No,Age,18-24
6,1.71E+12,20/02/2024 19:24,1.71E+12,0,20/02/2024 19:24,161196,3,questionnaire-ja96,,35365471,BLIND,10445255,,complete,,,computer,Desktop or Laptop,Windows 10,Chrome 121.0.0.0,1280x720,1280x585,,,,Demographics,1,CAB,No,Age-quantised,1
7,1.71E+12,20/02/2024 19:24,1.71E+12,0,20/02/2024 19:24,161196,3,questionnaire-ja96,,35365471,BLIND,10445255,,complete,,,computer,Desktop or Laptop,Windows 10,Chrome 121.0.0.0,1280x720,1280x585,,,,Demographics,1,CAB,No,END QUESTIONNAIRE,9820
END OF FILE,,,,,,,,,,,,,,,,,,,,,,,,,,,,,,,
