"ID","gender","age"
"EoYncPX1QK","Female",24
"Zn1yzAeYA4","Non-Binary",21
"B4iCIhzgPi","Male",24
"9sJnqQM0lo","Female",23
"FPSgiOjwA7","Non-Binary",23
"0g0AFLyHCe","Male",24
"hlmrG4AyLu","Female",22
"oOUz7EpZDf","Non-Binary",24
"QhvvMEVq1X","Male",24
"WHdme1YyZv","Female",22
"yFTywINVDl","Non-Binary",24
"E4TDInCFgc","Male",23
"w15ouKhYjX","Female",24
"PRHjvltTq9","Non-Binary",23
"T1INTYDoxW","Male",23
"wQgCowzLTF","Female",22
"gAPefpxFu2","Non-Binary",23
"kJRT78syM1","Male",24
"zigHVms3ZU","Female",23
"MdaNDDZypx","Non-Binary",24
"1kVtNcCJZR","Male",21
"vWP6tk42hT","Female",23
"uSbQmTf4hR","Non-Binary",24
"F5JS8n0pw8","Male",24
"GNNjyhr80i","Female",22
"gg587jx1wz","Non-Binary",22
"QG48CYj01m","Male",22
"QkyZzgywzF","Female",23
"t8x4iOKwnT","Non-Binary",22
"fAazPW5qCz","Male",23
"Aug70zOtfX","Female",22
"DECqK4tIyT","Non-Binary",23
"GbdjGe0yh2","Male",24
"yuSrPEfg8O","Female",24
"Vq0SB0N0gt","Non-Binary",23
"rCqGbWbmxW","Male",22
"crbKl4mP8f","Female",22
"PPL7VpIJAA","Non-Binary",23
"I8wcEVbUwc","Male",22
"i8MDEDiJHv","Female",23
"5ROBC8QMSK","Non-Binary",22
"QGslHuqlDI","Male",23
"DyXU1cY4rF","Female",22
"qLPNPFzmtL","Non-Binary",24
"tCtDOVhMjq","Male",23
"rNYP2kWRbs","Female",23
"mmEDYvDjpe","Non-Binary",23
"JXGpBWl0Bb","Male",23
"XlUY0fp5os","Female",24
"6cTG3GVkJ3","Non-Binary",23
"RSjPxBMrqt","Male",20
"6i0kRhXeCX","Female",22
"fjzik2fFls","Non-Binary",24
"A3FAD2dxBc","Male",24
"TNfJ2PV63D","Female",24
"VZjyLYJOyd","Non-Binary",23
"oZv0WxMU7K","Male",21
"T1UopshE5K","Female",24
"MZV79pikQY","Non-Binary",24
"D8j28H49Lt","Male",23
